HDDSN,ENDDATE,STARTDATE,PROCID,MTYPE,MFGID,PFCODE,PFSUBCODE,HSATRIAL,HDDTRIAL,PARTID,PARTFLAG,ASMLINE,ASMTEAM,TESTERID,CELLID,TESTPGMVER,FAILEDHEAD,HDDCYCLE,RWKDISP,RWKDEPTH_MAX,RWKDEPTH_CUR,HSASN,DISKSETID,HDEPARTSETID,HDDPARTSETID,STORETS,DayDifference,TestTime
1EJX8JTJ,2015-10-06 10:47:01,2015-10-05 17:38:44,6400,AR6E,AR3105,0000,00000000,0000,A1JF,101010A0A0D2D2    10,0  0,LF,58,U973,000102,ARHS36AM,00000000,1,,0,0,M505X556,1,2,1,2015-10-06 11:13:58,1,17.138
1EJX8JUJ,2015-10-06 10:41:36,2015-10-05 17:38:44,6400,AR6E,AR3105,0000,00000000,0000,A1JF,101010A0A0D2D2    10,0  0,LF,58,U973,000077,ARHS36AM,00000000,1,,0,0,M50672L0,1,2,1,2015-10-06 11:18:58,1,17.048
1EJX8JVJ,2015-10-06 10:41:57,2015-10-05 17:38:44,6400,AR6E,AR3105,0000,00000000,0000,A1JF,101010A0A0D2D2    10,0  0,LF,58,U973,000115,ARHS36AM,00000000,1,,0,0,M505ZD69,1,2,1,2015-10-06 11:18:57,1,17.053
1EJX8JXJ,2015-10-06 10:45:56,2015-10-05 17:38:44,6400,AR6E,AR3105,0000,00000000,0000,A1JF,101010A0A0D2D2    10,0  0,LF,58,U973,000110,ARHS36AM,00000000,1,,0,0,M505WP21,1,2,1,2015-10-06 11:18:58,1,17.120
1EJX8KJJ,2015-10-06 10:51:11,2015-10-05 17:38:44,6400,AR6E,AR3105,0000,00000000,0000,A1JF,101010A0A0D2D2    10,0  0,LF,58,U973,000090,ARHS36AM,00000000,1,,0,0,M505WPP0,1,2,1,2015-10-06 11:39:00,1,17.207
1EJX8KMJ,2015-10-06 10:36:22,2015-10-05 17:38:44,6400,AR6E,AR3105,0000,00000000,0000,A1JF,101010A0A0D2D2    10,0  0,LF,58,U973,000094,ARHS36AM,00000000,1,,0,0,M505SV96,1,2,1,2015-10-06 11:18:58,1,16.960
1EJX8KNJ,2015-10-06 10:47:37,2015-10-05 17:38:44,6400,AR6E,AR3105,0000,00000000,0000,A1JF,101010A0A0D2D2    10,0  0,LF,58,U973,000099,ARHS36AM,00000000,1,,0,0,M5068HD8,1,2,1,2015-10-06 11:18:58,1,17.148
1EJX8KRJ,2015-10-06 10:36:15,2015-10-05 17:38:44,6400,AR6E,AR3105,0000,00000000,0000,A1JF,101010A0A0D2D2    10,0  0,LF,58,U973,000083,ARHS36AM,00000000,1,,0,0,M50673M4,1,2,1,2015-10-06 11:18:57,1,16.958
1EJX8KSJ,2015-10-06 10:52:00,2015-10-05 17:38:44,6400,AR6E,AR3105,0000,00000000,0000,A1JF,101010A0A0D2D2    10,0  0,LF,58,U973,000095,ARHS36AM,00000000,1,,0,0,M5067KB6,1,2,1,2015-10-06 11:39:01,1,17.221
1EJX8KTJ,2015-10-06 10:47:03,2015-10-05 17:38:44,6400,AR6E,AR3105,0000,00000000,0000,A1JF,101010A0A0D2D2    10,0  0,LF,58,U973,000116,ARHS36AM,00000000,1,,0,0,M505ZV12,1,2,1,2015-10-06 11:18:58,1,17.138
1EJX8KUJ,2015-10-06 10:46:55,2015-10-05 17:38:44,6400,AR6E,AR3105,0000,00000000,0000,A1JF,101010A0A0D2D2    10,0  0,LF,58,U973,000046,ARHS36AM,00000000,1,,0,0,M5068HG4,1,2,1,2015-10-06 11:13:58,1,17.136
1EJX8KVJ,2015-10-06 10:52:03,2015-10-05 17:38:44,6400,AR6E,AR3105,0000,00000000,0000,A1JF,101010A0A0D2D2    10,0  0,LF,58,U973,000096,ARHS36AM,00000000,1,,0,0,M5067WF2,1,2,1,2015-10-06 11:39:00,1,17.222
1EJX8KWJ,2015-10-06 10:45:24,2015-10-05 17:38:44,6400,AR6E,AR3105,0000,00000000,0000,A1JF,101010A0A0D2D2    10,0  0,LF,58,U973,000082,ARHS36AM,00000000,1,,0,0,M505ZTL1,1,2,1,2015-10-06 11:18:58,1,17.111
1EJX8KYJ,2015-10-06 10:47:32,2015-10-05 17:38:44,6400,AR6E,AR3105,0000,00000000,0000,A1JF,101010A0A0D2D2    10,0  0,LF,58,U973,000088,ARHS36AM,00000000,1,,0,0,M5067LE3,1,2,1,2015-10-06 11:39:01,1,17.146
1EJX8SDJ,2015-10-06 10:17:16,2015-10-05 17:19:46,6400,AR6E,AR4105,0000,00000000,0000,A1JF,101010A0A0D2D2    10,0  0,LF,58,U975,000005,ARHS36AM,00000000,1,,0,0,M505ZTF9,1,2,1,2015-10-06 10:39:09,1,16.958
1EJX8U8J,2015-10-06 10:17:31,2015-10-05 17:19:46,6400,AR6E,AR4105,0000,00000000,0000,A1JF,101010A0A0D2D2    10,0  0,LF,58,U975,000068,ARHS36AM,00000000,1,,0,0,M505ZT34,1,2,1,2015-10-06 10:39:09,1,16.962
1EJX8VUJ,2015-10-06 10:21:25,2015-10-05 17:19:46,6400,AR6E,AR4105,0000,00000000,0000,A1JF,101010A0A0D2A2    10,0  0,LF,58,U975,000061,ARHS36AM,00000000,1,,0,0,M5066WT1,1,2,1,2015-10-06 11:18:57,1,17.027
1EJX8XUJ,2015-10-06 10:23:29,2015-10-05 17:19:46,6400,AR6E,AR4105,0000,00000000,0000,A1JF,101010A0A0D2D2    10,0  0,LF,58,U975,000117,ARHS36AM,00000000,1,,0,0,M505ZV42,1,2,1,2015-10-06 11:18:58,1,17.062
1EJX905J,2015-10-06 10:19:02,2015-10-05 17:19:46,6400,AR6E,AR4105,0000,00000000,0000,A1JF,101015A0A0D2D2    10,10  8,LF,58,U975,000109,ARHS36AM,00000000,1,,0,0,M50696N0,1,2,1,2015-10-06 11:18:58,1,16.988
1EJX90NJ,2015-10-06 10:19:46,2015-10-05 17:19:46,6400,AR6E,AR4105,0000,00000000,0000,A1JF,1010154040D2Z2    10,10  8,LF,58,U975,000110,ARHS36AM,00000000,1,,0,0,M5065T88,1,2,1,2015-10-06 11:18:57,1,17.000
1EJX90UJ,2015-10-06 10:13:22,2015-10-05 17:19:46,6400,AR6E,AR4105,0000,00000000,0000,A1JF,151010A0A0A2D2    10,10  8,LF,58,U975,000101,ARHS36AM,00000000,1,,0,0,M5068588,1,2,1,2015-10-06 10:39:09,1,16.893
1EJX90YJ,2015-10-06 10:28:51,2015-10-05 17:19:46,6400,AR6E,AR4105,0000,00000000,0000,A1JF,151010A0A0A2D2    10,10  8,LF,58,U975,000108,ARHS36AM,00000000,1,,0,0,M5064V52,1,2,1,2015-10-06 11:13:58,1,17.151
1EJX910J,2015-10-06 10:27:40,2015-10-05 17:19:46,6400,AR6E,AR4105,0000,00000000,0000,A1JF,151010A0A0D3D2    10,10  8,LF,58,U975,000070,ARHS36AM,00000000,1,,0,0,M5068MR9,1,2,1,2015-10-06 11:18:57,1,17.131
1EJX913J,2015-10-06 10:19:39,2015-10-05 17:19:46,6400,AR6E,AR4105,0000,00000000,0000,A1JF,151010A0A0D3D2    10,10  8,LF,58,U975,000106,ARHS36AM,00000000,1,,0,0,M5067W26,1,2,1,2015-10-06 11:18:57,1,16.998
1EJX915J,2015-10-06 10:18:56,2015-10-05 17:19:46,6400,AR6E,AR4105,0000,00000000,0000,A1JF,151010A0A0A2D2    10,10  8,LF,58,U975,000065,ARHS36AM,00000000,1,,0,0,M5064PH8,1,2,1,2015-10-06 11:18:58,1,16.986
1EJX91AJ,2015-10-06 10:21:36,2015-10-05 17:19:46,6400,AR6E,AR4105,0000,00000000,0000,A1JF,101010A0A0A2D2    10,0  0,LF,58,U975,000024,ARHS36AM,00000000,1,,0,0,M505WPA7,1,2,1,2015-10-06 11:18:58,1,17.030
1EJX91HJ,2015-10-06 10:19:37,2015-10-05 17:19:46,6400,AR6E,AR4105,0000,00000000,0000,A1JF,101010A0A0D3D2    10,0  0,LF,58,U975,000011,ARHS36AM,00000000,1,,0,0,M5068M90,1,2,1,2015-10-06 11:13:58,1,16.997
1EJX91JJ,2015-10-06 10:22:33,2015-10-05 17:19:46,6400,AR6E,AR4105,0000,00000000,0000,A1JF,101010A0A0D3D2    10,0  0,LF,58,U975,000088,ARHS36AM,00000000,1,,0,0,M5068NC7,1,2,1,2015-10-06 11:13:58,1,17.046
1EJX7YAJ,2015-10-06 10:42:13,2015-10-05 17:38:44,6400,AR6E,AR3105,0000,00000000,0000,A1JF,151010A0A0D2D2    10,10  8,LF,58,U973,000030,ARHS36AM,00000000,1,,0,0,M505X5M3,1,2,1,2015-10-06 11:18:58,1,17.058
1EJX7YBJ,2015-10-06 10:40:32,2015-10-05 17:38:44,6400,AR6E,AR3105,0000,00000000,0000,A1JF,151010A0A0A2D2    10,10  8,LF,58,U973,000025,ARHS36AM,00000000,1,,0,0,M5064TN3,1,2,1,2015-10-06 11:18:57,1,17.030
1EJX7YHJ,2015-10-06 10:41:15,2015-10-05 17:38:44,6400,AR6E,AR3105,0000,00000000,0000,A1JF,101010A0A0A2D2    10,0  0,LF,58,U973,000022,ARHS36AM,00000000,1,,0,0,M5064TB2,1,2,1,2015-10-06 11:18:58,1,17.042
1EJX7YKJ,2015-10-06 10:40:54,2015-10-05 17:38:44,6400,AR6E,AR3105,0000,00000000,0000,A1JF,101010A0A0D2D2    10,0  0,LF,58,U973,000047,ARHS36AM,00000000,1,,0,0,M50685N5,1,2,1,2015-10-06 11:13:59,1,17.036
1EJX7YLJ,2015-10-06 10:42:07,2015-10-05 17:38:44,6400,AR6E,AR3105,0000,00000000,0000,A1JF,151010A0A0A2D2    10,10  8,LF,58,U973,000013,ARHS36AM,00000000,1,,0,0,M5064TP5,1,2,1,2015-10-06 11:18:57,1,17.056
1EJX7YMJ,2015-10-06 10:46:36,2015-10-05 17:38:44,6400,AR6E,AR3105,0000,00000000,0000,A1JF,101010A0A0A2D2    10,0  0,LF,58,U973,000073,ARHS36AM,00000000,1,,0,0,M5064P07,1,2,1,2015-10-06 11:13:59,1,17.131
1EJX7YNJ,2015-10-06 10:51:55,2015-10-05 17:38:44,6400,AR6E,AR3105,0000,00000000,0000,A1JF,101010A0A0D2D2    10,0  0,LF,58,U973,000060,ARHS36AM,00000000,1,,0,0,M5068A66,1,2,1,2015-10-06 11:39:00,1,17.219
1EJX7YPJ,2015-10-06 10:46:33,2015-10-05 17:38:44,6400,AR6E,AR3105,0000,00000000,0000,A1JF,101010A0A0D2D2    10,0  0,LF,58,U973,000016,ARHS36AM,00000000,1,,0,0,M5067VX5,1,2,1,2015-10-06 11:18:57,1,17.130
1EJX7YRJ,2015-10-06 10:45:09,2015-10-05 17:38:44,6400,AR6E,AR3105,0000,00000000,0000,A1JF,101010A0A0D2D2    10,0  0,LF,58,U973,000015,ARHS36AM,00000000,1,,0,0,M5067V81,1,2,1,2015-10-06 11:18:57,1,17.107
1EJX88UJ,2015-10-06 10:19:29,2015-10-05 17:19:46,6400,AR6E,AR4105,0000,00000000,0000,A1JF,151010A0A0A2D2    10,10  8,LF,58,U975,000102,ARHS36AM,00000000,1,,0,0,M50678C5,1,2,1,2015-10-06 11:18:58,1,16.995
1EJX89DJ,2015-10-06 10:12:12,2015-10-05 17:19:46,6400,AR6E,AR4105,0000,00000000,0000,A1JF,101010A0A0A2D2    10,0  0,LF,58,U975,000072,ARHS36AM,00000000,1,,0,0,M5068SN5,1,2,1,2015-10-06 10:39:09,1,16.874
1EJX89RJ,2015-10-06 10:07:54,2015-10-05 17:19:46,6400,AR6E,AR4105,0000,00000000,0000,A1JF,151010A0A0D3D2    10,10  8,LF,58,U975,000066,ARHS36AM,00000000,1,,0,0,M505WQ34,1,2,1,2015-10-06 10:39:09,1,16.802
1EJX89UJ,2015-10-06 10:18:32,2015-10-05 17:19:46,6400,AR6E,AR4105,0000,00000000,0000,A1JF,151010A0A0D3D2    10,10  8,LF,58,U975,000107,ARHS36AM,00000000,1,,0,0,M5067834,1,2,1,2015-10-06 11:13:58,1,16.979
1EJX8BJJ,2015-10-06 10:41:33,2015-10-05 17:38:44,6400,AR6E,AR3105,0000,00000000,0000,A1JF,151010A0A0D2D2    10,10  8,LF,58,U973,000086,ARHS36AM,00000000,1,,0,0,M505ZCB3,1,2,1,2015-10-06 11:18:57,1,17.047
1EJX8BKJ,2015-10-06 10:51:12,2015-10-05 17:38:44,6400,AR6E,AR3105,0000,00000000,0000,A1JF,101010A0A0A2D2    10,0  0,LF,58,U973,000026,ARHS36AM,00000000,1,,0,0,M5064TF7,1,2,1,2015-10-06 11:39:00,1,17.208
1EJX8BLJ,2015-10-06 10:41:23,2015-10-05 17:38:44,6400,AR6E,AR3105,0000,00000000,0000,A1JF,101010A0A0A2D2    10,0  0,LF,58,U973,000011,ARHS36AM,00000000,1,,0,0,M50684C7,1,2,1,2015-10-06 11:18:58,1,17.044
1EJX8BNJ,2015-10-06 10:48:05,2015-10-05 17:38:44,6400,AR6E,AR3105,0000,00000000,0000,A1JF,101010A0A0D2D2    10,0  0,LF,58,U973,000058,ARHS36AM,00000000,1,,0,0,M505ZC45,1,2,1,2015-10-06 11:39:00,1,17.156
1EJX8EJJ,2015-10-06 10:19:42,2015-10-05 17:19:46,6400,AR6E,AR4105,0000,00000000,0000,A1JF,151010A0A0D3D2    10,10  8,LF,58,U975,000030,ARHS36AM,00000000,1,,0,0,M505WP23,1,2,1,2015-10-06 11:13:58,1,16.999
1EJX8EKJ,2015-10-06 10:18:25,2015-10-05 17:19:46,6400,AR6E,AR4105,0000,00000000,0000,A1JF,151010A0A0D3D2    10,10  8,LF,58,U975,000036,ARHS36AM,00000000,1,,0,0,M50677P0,1,2,1,2015-10-06 11:18:58,1,16.977
1EJX8ELJ,2015-10-06 10:16:19,2015-10-05 17:19:46,6400,AR6E,AR4105,0000,00000000,0000,A1JF,151010A0A0A2D2    10,10  8,LF,58,U975,000094,ARHS36AM,00000000,1,,0,0,M50677H7,1,2,1,2015-10-06 10:39:09,1,16.942
1EJX8EMJ,2015-10-06 10:19:14,2015-10-05 17:19:46,6400,AR6E,AR4105,0000,00000000,0000,A1JF,151010A0A0D3D2    10,10  8,LF,58,U975,000023,ARHS36AM,00000000,1,,0,0,M505WQ83,1,2,1,2015-10-06 11:18:58,1,16.991
1EJX8ENJ,2015-10-06 10:19:37,2015-10-05 17:19:46,6400,AR6E,AR4105,0000,00000000,0000,A1JF,151010A0A0A2D2    10,10  8,LF,58,U975,000034,ARHS36AM,00000000,1,,0,0,M504PTQ6,1,2,1,2015-10-06 11:18:57,1,16.997
1EJX8EPJ,2015-10-06 10:23:21,2015-10-05 17:19:46,6400,AR6E,AR4105,0000,00000000,0000,A1JF,151010A0A0D3D2    10,10  8,LF,58,U975,000017,ARHS36AM,00000000,1,,0,0,M5068ND1,1,2,1,2015-10-06 11:13:58,1,17.059
1EJX8ERJ,2015-10-06 10:23:17,2015-10-05 17:19:46,6400,AR6E,AR4105,0000,00000000,0000,A1JF,151010A0A0A2D2    10,10  8,LF,58,U975,000090,ARHS36AM,00000000,1,,0,0,M5064T49,1,2,1,2015-10-06 11:18:58,1,17.058
1EJX8GLJ,2015-10-06 10:46:50,2015-10-05 17:38:44,6400,AR6E,AR3105,0000,00000000,0000,A1JF,151010A0A0A2D2    10,10  8,LF,58,U973,000035,ARHS36AM,00000000,1,,0,0,M504PVK3,1,2,1,2015-10-06 11:18:57,1,17.135
1EJX8GMJ,2015-10-06 10:46:29,2015-10-05 17:38:44,6400,AR6E,AR3105,0000,00000000,0000,A1JF,151010A0A0D2D2    10,10  8,LF,58,U973,000023,ARHS36AM,00000000,1,,0,0,M505X5R2,1,2,1,2015-10-06 11:13:58,1,17.129
1EJX8GPJ,2015-10-06 10:41:57,2015-10-05 17:38:44,6400,AR6E,AR3105,0000,00000000,0000,A1JF,151010A0A0D2D2    10,10  8,LF,58,U973,000003,ARHS36AM,00000000,1,,0,0,M505X507,1,2,1,2015-10-06 11:18:58,1,17.053
1EJX8GTJ,2015-10-06 10:41:54,2015-10-05 17:38:44,6400,AR6E,AR3105,0000,00000000,0000,A1JF,151010A0A0D2D2    10,10  8,LF,58,U973,000024,ARHS36AM,00000000,1,,0,0,M505ZCL0,1,2,1,2015-10-06 11:18:57,1,17.053
1EJX9M9J,2015-10-06 10:46:28,2015-10-05 17:38:44,6400,AR6E,AR3105,0000,00000000,0000,A1JF,101010A0A0A2D2    10,0  0,LI,16,U973,000037,ARHS36AM,00000000,1,,0,0,M5064TX7,1,2,1,2015-10-06 11:18:58,1,17.129
1EJX9MYJ,2015-10-06 10:52:08,2015-10-05 17:38:44,6400,AR6E,AR3105,0000,00000000,0000,A1JF,101010A0A0A2D2    10,0  0,LI,16,U973,000050,ARHS36AM,00000000,1,,0,0,M5064V76,1,2,1,2015-10-06 11:39:00,1,17.223
1EJX9N1J,2015-10-06 10:42:46,2015-10-05 17:38:44,6400,AR6E,AR3105,0000,00000000,0000,A1JF,101010A0A0A2D2    10,0  0,LI,16,U973,000051,ARHS36AM,00000000,1,,0,0,M5064VA9,1,2,1,2015-10-06 11:13:58,1,17.067
1EJX9N3J,2015-10-06 10:47:04,2015-10-05 17:38:44,6400,AR6E,AR3105,0000,00000000,0000,A1JF,101010A0A0A2D2    10,0  0,LI,16,U973,000097,ARHS36AM,00000000,1,,0,0,M5064VC3,1,2,1,2015-10-06 11:18:58,1,17.139
1EJX9NEJ,2015-10-06 10:47:27,2015-10-05 17:38:44,6400,AR6E,AR3105,0000,00000000,0000,A1JF,101010A0A0D2D2    10,0  0,LI,16,U973,000067,ARHS36AM,00000000,1,,0,0,M505ZCT5,1,2,1,2015-10-06 11:39:01,1,17.145
1EJX9NKJ,2015-10-06 10:47:49,2015-10-05 17:38:44,6400,AR6E,AR3105,0000,00000000,0000,A1JF,101010A0A0D2D2    10,0  0,LI,16,U973,000038,ARHS36AM,00000000,1,,0,0,M505ZCH5,1,2,1,2015-10-06 11:39:00,1,17.151
1EJX9PKJ,2015-10-06 10:28:56,2015-10-05 17:19:46,6400,AR6E,AR4105,0000,00000000,0000,A1JF,101010A0A0D3D2    10,0  0,LI,16,U975,000054,ARHS36AM,00000000,1,,0,0,M50676Z0,1,2,1,2015-10-06 11:18:58,1,17.153
1EJX9SVJ,2015-10-06 10:51:52,2015-10-05 17:38:44,6400,AR6E,AR3105,0000,00000000,0000,A1JF,101010A0A0A2D2    10,0  0,LI,16,U973,000118,ARHS36AM,00000000,1,,0,0,M5064TB3,1,2,1,2015-10-06 11:39:01,1,17.219
1EJXA7PJ,2015-10-06 10:46:39,2015-10-05 17:38:44,6400,AR6E,AR3105,0000,00000000,0000,A1JF,101010A0A0D2D2    10,0  0,LF,58,U973,000036,ARHS36AM,00000000,1,,0,0,M5068GC0,1,2,1,2015-10-06 11:18:58,1,17.132
1EJXA7MJ,2015-10-06 10:47:23,2015-10-05 17:38:44,6400,AR6E,AR3105,0000,00000000,0000,A1JF,101010A0A0D2D2    10,0  0,LF,58,U973,000113,ARHS36AM,00000000,1,,0,0,M505ZC01,1,2,1,2015-10-06 11:18:57,1,17.144
1EJXA7GJ,2015-10-06 10:46:39,2015-10-05 17:38:44,6400,AR6E,AR3105,0000,00000000,0000,A1JF,101010A0A0D2D2    10,0  0,LF,58,U973,000106,ARHS36AM,00000000,1,,0,0,M505WJ66,1,2,1,2015-10-06 11:18:58,1,17.132
1EJXA75J,2015-10-06 10:42:42,2015-10-05 17:38:44,6400,AR6E,AR3105,0000,00000000,0000,A1JF,101010A0A0D2D2    10,0  0,LF,58,U973,000101,ARHS36AM,00000000,1,,0,0,M5067KY5,1,2,1,2015-10-06 11:18:58,1,17.066
1EJXA73J,2015-10-06 10:46:46,2015-10-05 17:38:44,6400,AR6E,AR3105,0000,00000000,0000,A1JF,101010A0A0D2D2    10,0  0,LF,58,U973,000040,ARHS36AM,00000000,1,,0,0,M5067VR1,1,2,1,2015-10-06 11:18:58,1,17.134
1EJXA72J,2015-10-06 10:41:09,2015-10-05 17:38:44,6400,AR6E,AR3105,0000,00000000,0000,A1JF,101010A0A0D2D2    10,0  0,LF,58,U973,000089,ARHS36AM,00000000,1,,0,0,M505ZTN0,1,2,1,2015-10-06 11:18:58,1,17.040
1EJXA71J,2015-10-06 10:46:22,2015-10-05 17:38:44,6400,AR6E,AR3105,0000,00000000,0000,A1JF,101010A0A0D2D2    10,0  0,LF,58,U973,000107,ARHS36AM,00000000,1,,0,0,M5067VF5,1,2,1,2015-10-06 11:18:58,1,17.127
1EJXA6UJ,2015-10-06 10:50:29,2015-10-05 17:38:44,6400,AR6E,AR3105,0000,00000000,0000,A1JF,101010A0A0D2D2    10,0  0,LF,58,U973,000072,ARHS36AM,00000000,1,,0,0,M505SV45,1,2,1,2015-10-06 11:39:00,1,17.196
1EJXA6TJ,2015-10-06 10:46:39,2015-10-05 17:38:44,6400,AR6E,AR3105,0000,00000000,0000,A1JF,101010A0A0D2D2    10,0  0,LF,58,U973,000071,ARHS36AM,00000000,1,,0,0,M5068HL2,1,2,1,2015-10-06 11:18:57,1,17.132
1EJXA6RJ,2015-10-06 10:47:45,2015-10-05 17:38:44,6400,AR6E,AR3105,0000,00000000,0000,A1JF,101010A0A0D2D2    10,0  0,LF,58,U973,000108,ARHS36AM,00000000,1,,0,0,M50672R4,1,2,1,2015-10-06 11:39:00,1,17.150
1EJXA6NJ,2015-10-06 10:47:50,2015-10-05 17:38:44,6400,AR6E,AR3105,0000,00000000,0000,A1JF,101010A0A0D2D2    10,0  0,LF,58,U973,000053,ARHS36AM,00000000,1,,0,0,M505ZD40,1,2,1,2015-10-06 11:39:00,1,17.151
1EJXA6MJ,2015-10-06 10:37:02,2015-10-05 17:38:44,6400,AR6E,AR3105,0000,00000000,0000,A1JF,101010A0A0D2D2    10,0  0,LF,58,U973,000112,ARHS36AM,00000000,1,,0,0,M505ZT56,1,2,1,2015-10-06 11:13:58,1,16.971
1EJXA6GJ,2015-10-06 10:48:00,2015-10-05 17:38:44,6400,AR6E,AR3105,0000,00000000,0000,A1JF,101010A0A0D2D2    10,0  0,LF,58,U973,000119,ARHS36AM,00000000,1,,0,0,M505STW4,1,2,1,2015-10-06 11:39:00,1,17.154
1EJXA6DJ,2015-10-06 10:36:17,2015-10-05 17:38:44,6400,AR6E,AR3105,0000,00000000,0000,A1JF,101010A0A0D2D2    10,0  0,LF,58,U973,000104,ARHS36AM,00000000,1,,0,0,M505SVP8,1,2,1,2015-10-06 11:18:58,1,16.959
1EJXA6BJ,2015-10-06 10:40:58,2015-10-05 17:38:44,6400,AR6E,AR3105,0000,00000000,0000,A1JF,101010A0A0D2D2    10,0  0,LF,58,U973,000070,ARHS36AM,00000000,1,,0,0,M5068GT3,1,2,1,2015-10-06 11:18:58,1,17.037
1EJXA68J,2015-10-06 10:52:49,2015-10-05 17:38:44,6400,AR6E,AR3105,0000,00000000,0000,A1JF,101010A0A0D2D2    10,0  0,LF,58,U973,000048,ARHS36AM,00000000,1,,0,0,M505STW3,1,2,1,2015-10-06 11:39:00,1,17.234
1EJXA67J,2015-10-06 10:47:30,2015-10-05 17:38:44,6400,AR6E,AR3105,0000,00000000,0000,A1JF,101010A0A0D2D2    10,0  0,LF,58,U973,000041,ARHS36AM,00000000,1,,0,0,M5067W16,1,2,1,2015-10-06 11:39:00,1,17.146
1EJXA66J,2015-10-06 10:45:40,2015-10-05 17:38:44,6400,AR6E,AR3105,0000,00000000,0000,A1JF,101010A0A0D2D2    10,0  0,LF,58,U973,000103,ARHS36AM,00000000,1,,0,0,M5067WG3,1,2,1,2015-10-06 11:18:57,1,17.115
1EJXA65J,2015-10-06 10:42:22,2015-10-05 17:38:44,6400,AR6E,AR3105,0000,00000000,0000,A1JF,101010A0A0D2D2    10,0  0,LF,58,U973,000109,ARHS36AM,00000000,1,,0,0,M505ZC81,1,2,1,2015-10-06 11:18:57,1,17.060
1EJX9UNJ,2015-10-06 10:47:52,2015-10-05 17:38:44,6400,AR6E,AR3105,0000,00000000,0000,A1JF,101010A0A0D3D2    10,0  0,LI,16,U973,000054,ARHS36AM,00000000,1,,0,0,M5066G51,1,2,1,2015-10-06 11:39:00,1,17.152
1EJX91KJ,2015-10-06 10:22:52,2015-10-05 17:19:46,6400,AR6E,AR4105,0000,00000000,0000,A1JF,101010A0A0A2D2    10,0  0,LF,58,U975,000078,ARHS36AM,00000000,1,,0,0,M50684B6,1,2,1,2015-10-06 11:13:58,1,17.051
1EJX91LJ,2015-10-06 10:21:56,2015-10-05 17:19:46,6400,AR6E,AR4105,0000,00000000,0000,A1JF,151010A0A0A2D2    10,10  8,LF,58,U975,000064,ARHS36AM,00000000,1,,0,0,M50685G1,1,2,1,2015-10-06 11:13:58,1,17.036
1EJX91NJ,2015-10-06 10:23:31,2015-10-05 17:19:46,6400,AR6E,AR4105,0000,00000000,0000,A1JF,151010A0A0D3D2    10,10  8,LF,58,U975,000120,ARHS36AM,00000000,1,,0,0,M50677M4,1,2,1,2015-10-06 11:18:58,1,17.062
1EJX91PJ,2015-10-06 10:19:31,2015-10-05 17:19:46,6400,AR6E,AR4105,0000,00000000,0000,A1JF,151010A0A0D3D2    10,10  8,LF,58,U975,000118,ARHS36AM,00000000,1,,0,0,M505SVY2,1,2,1,2015-10-06 11:13:58,1,16.996
1EJX91VJ,2015-10-06 10:23:51,2015-10-05 17:19:46,6400,AR6E,AR4105,0000,00000000,0000,A1JF,151010A0A0A2D2    10,10  8,LF,58,U975,000010,ARHS36AM,00000000,1,,0,0,M5064TM0,1,2,1,2015-10-06 11:18:58,1,17.068
1EJX91XJ,2015-10-06 10:27:47,2015-10-05 17:19:46,6400,AR6E,AR4105,0000,00000000,0000,A1JF,151010A0A0D3D2    10,10  8,LF,58,U975,000082,ARHS36AM,00000000,1,,0,0,M5068MS9,1,2,1,2015-10-06 11:18:58,1,17.133
1EJX922J,2015-10-06 10:12:50,2015-10-05 17:19:46,6400,AR6E,AR4105,0000,00000000,0000,A1JF,151010A0A0D3D2    10,10  8,LF,58,U975,000077,ARHS36AM,00000000,1,,0,0,M5068M58,1,2,1,2015-10-06 10:39:09,1,16.884
1EJX925J,2015-10-06 10:13:55,2015-10-05 17:19:46,6400,AR6E,AR4105,0000,00000000,0000,A1JF,151010A0A0D3D2    10,10  8,LF,58,U975,000095,ARHS36AM,00000000,1,,0,0,M5067808,1,2,1,2015-10-06 10:39:09,1,16.902
1EJX928J,2015-10-06 10:18:43,2015-10-05 17:19:46,6400,AR6E,AR4105,0000,00000000,0000,A1JF,151010A0A0A2D2    10,10  8,LF,58,U975,000113,ARHS36AM,00000000,1,,0,0,M5064V44,1,2,1,2015-10-06 11:18:57,1,16.982
1EJX929J,2015-10-06 10:17:57,2015-10-05 17:19:46,6400,AR6E,AR4105,0000,00000000,0000,A1JF,151010A0A0D3D2    10,10  8,LF,58,U975,000071,ARHS36AM,00000000,1,,0,0,M5067714,1,2,1,2015-10-06 11:18:58,1,16.969
1EJX92AJ,2015-10-06 10:23:16,2015-10-05 17:19:46,6400,AR6E,AR4105,0000,00000000,0000,A1JF,151010A0A0A2D2    10,10  8,LF,58,U975,000076,ARHS36AM,00000000,1,,0,0,M5069L88,1,2,1,2015-10-06 11:13:58,1,17.058
1EJX92BJ,2015-10-06 10:18:55,2015-10-05 17:19:46,6400,AR6E,AR4105,0000,00000000,0000,A1JF,151010A0A0A2D2    10,10  8,LF,58,U975,000083,ARHS36AM,00000000,1,,0,0,M5064TV8,1,2,1,2015-10-06 11:13:59,1,16.986
1EJX92EJ,2015-10-06 10:18:26,2015-10-05 17:19:46,6400,AR6E,AR4105,0000,00000000,0000,A1JF,151010A0A0D3D2    10,10  8,LF,58,U975,000028,ARHS36AM,00000000,1,,0,0,M505WPJ4,1,2,1,2015-10-06 11:13:58,1,16.978
1EJX92GJ,2015-10-06 10:13:29,2015-10-05 17:19:46,6400,AR6E,AR4105,0000,00000000,0000,A1JF,151010A0A0A2D2    10,10  8,LF,58,U975,000084,ARHS36AM,00000000,1,,0,0,M5064V81,1,2,1,2015-10-06 10:39:09,1,16.895
1EJX92JJ,2015-10-06 10:19:21,2015-10-05 17:19:46,6400,AR6E,AR4105,0000,00000000,0000,A1JF,151010A0A0A2D2    10,10  8,LF,58,U975,000029,ARHS36AM,00000000,1,,0,0,M504PV45,1,2,1,2015-10-06 11:13:58,1,16.993
1EJX92KJ,2015-10-06 10:08:47,2015-10-05 17:19:46,6400,AR6E,AR4105,0000,00000000,0000,A1JF,151010A0A0D3D2    10,10  8,LF,58,U975,000096,ARHS36AM,00000000,1,,0,0,M50677L3,1,2,1,2015-10-06 10:39:09,1,16.817
1EJX92LJ,2015-10-06 10:12:39,2015-10-05 17:19:46,6400,AR6E,AR4105,0000,00000000,0000,A1JF,151010A0A0D3D2    10,10  8,LF,58,U975,000089,ARHS36AM,00000000,1,,0,0,M505WPL3,1,2,1,2015-10-06 10:39:08,1,16.881
1EJX92MJ,2015-10-06 10:22:57,2015-10-05 17:19:46,6400,AR6E,AR4105,0000,00000000,0000,A1JF,151010A0A0D3D2    10,10  8,LF,58,U975,000018,ARHS36AM,00000000,1,,0,0,M505WQ49,1,2,1,2015-10-06 11:13:59,1,17.053
1EJX92TJ,2015-10-06 10:18:57,2015-10-05 17:19:46,6400,AR6E,AR4105,0000,00000000,0000,A1JF,151010A0A0A2D2    10,10  8,LF,58,U975,000022,ARHS36AM,00000000,1,,0,0,M5064VK2,1,2,1,2015-10-06 11:18:58,1,16.986
1EJX956J,2015-10-06 10:42:07,2015-10-05 17:38:44,6400,AR6E,AR3105,0000,00000000,0000,A1JF,101010A0A0A2D2    10,0  0,LF,58,U973,000033,ARHS36AM,00000000,1,,0,0,M5064VB1,1,2,1,2015-10-06 11:18:58,1,17.056
1EJX958J,2015-10-06 10:47:18,2015-10-05 17:38:44,6400,AR6E,AR3105,0000,00000000,0000,A1JF,101010A0A0D2D2    10,0  0,LF,58,U973,000045,ARHS36AM,00000000,1,,0,0,M505ZBR4,1,2,1,2015-10-06 11:18:57,1,17.143
1EJX95AJ,2015-10-06 10:46:10,2015-10-05 17:38:44,6400,AR6E,AR3105,0000,00000000,0000,A1JF,101010A0A0A2D2    10,0  0,LF,58,U973,000079,ARHS36AM,00000000,1,,0,0,M50684P7,1,2,1,2015-10-06 11:13:58,1,17.124
1EJX95BJ,2015-10-06 10:52:31,2015-10-05 17:38:44,6400,AR6E,AR3105,0000,00000000,0000,A1JF,101010A0A0D2D2    10,0  0,LF,58,U973,000010,ARHS36AM,00000000,1,,0,0,M505SVN5,1,2,1,2015-10-06 11:39:00,1,17.229
1EJX95DJ,2015-10-06 10:41:18,2015-10-05 17:38:44,6400,AR6E,AR3105,0000,00000000,0000,A1JF,101010A0A0D2D2    10,0  0,LF,58,U973,000093,ARHS36AM,00000000,1,,0,0,M505ZBT8,1,2,1,2015-10-06 11:13:58,1,17.043
1EJX97AJ,2015-10-06 10:31:30,2015-10-05 17:38:44,6400,AR6E,AR3105,0000,00000000,0000,A1JF,101010A0A0D2D2    10,0  0,LF,58,U973,000042,ARHS36AM,00000000,1,,0,0,M505X627,1,2,1,2015-10-06 11:18:58,1,16.879
1EJX9L3J,2015-10-06 10:47:09,2015-10-05 17:38:44,6400,AR6E,AR3105,0000,00000000,0000,A1JF,101010A0A0A2D2    10,0  0,LI,16,U973,000092,ARHS36AM,00000000,1,,0,0,M5064VH2,1,2,1,2015-10-06 11:18:58,1,17.140
1EJX9LSJ,2015-10-06 10:51:16,2015-10-05 17:38:44,6400,AR6E,AR3105,0000,00000000,0000,A1JF,101010A0A0D2D2    10,0  0,LI,16,U973,000063,ARHS36AM,00000000,1,,0,0,M505STW7,1,2,1,2015-10-06 11:39:00,1,17.209
1EJX9M7J,2015-10-06 10:46:52,2015-10-05 17:38:44,6400,AR6E,AR3105,0000,00000000,0000,A1JF,101010A0A0D2D2    10,0  0,LI,16,U973,000049,ARHS36AM,00000000,1,,0,0,M505SVK3,1,2,1,2015-10-06 11:18:58,1,17.135
1EJX2EVJ,2015-10-06 10:08:28,2015-10-05 17:19:46,6400,AR6E,AR4105,0000,00000000,0000,A1JF,101010A0A0D2D2    10,0  0,LF,04,U975,000067,ARHS36AM,00000000,1,,0,0,M506F414,1,2,1,2015-10-06 10:39:09,1,16.811
1EJX2G9J,2015-10-06 10:22:34,2015-10-05 17:19:46,6400,AR6E,AR4105,0000,00000000,0000,A1JF,101010A0A0D2D2    10,0  0,LF,04,U975,000073,ARHS36AM,00000000,1,,0,0,M506BZC4,1,2,1,2015-10-06 11:18:57,1,17.046
1EJX3WPJ,2015-10-06 10:23:01,2015-10-05 17:19:46,6400,AR6E,AR4105,0000,00000000,0000,A1JF,101014A0A0D3D2    10,10  8,LF,04,U975,000079,ARHS36AM,00000000,1,,0,0,M5068KV2,1,2,1,2015-10-06 11:18:58,1,17.054
1EJX41RJ,2015-10-06 10:16:15,2015-10-05 17:19:46,6400,AR6E,AR4105,0000,00000000,0000,A1JF,101010A0A0D2D2    10,0  0,LI,73,U975,000075,ARHS36AM,00000000,1,,0,0,M504PVK1,1,2,1,2015-10-06 10:39:09,1,16.941
1EJX41UJ,2015-10-06 10:18:16,2015-10-05 17:19:46,6400,AR6E,AR4105,0000,00000000,0000,A1JF,101010A0A0D2A2    10,0  0,LI,73,U975,000025,ARHS36AM,00000000,1,,0,0,M50684D8,1,2,1,2015-10-06 11:18:57,1,16.975
1EJX421J,2015-10-06 10:17:32,2015-10-05 17:19:46,6400,AR6E,AR4105,0000,00000000,0000,A1JF,101010A0A0D2D2    10,0  0,LI,73,U975,000008,ARHS36AM,00000000,1,,0,0,M504PVG3,1,2,1,2015-10-06 10:39:08,1,16.963
1EJX423J,2015-10-06 10:17:52,2015-10-05 17:19:46,6400,AR6E,AR4105,0000,00000000,0000,A1JF,101010A0A0D2D2    10,0  0,LI,73,U975,000062,ARHS36AM,00000000,1,,0,0,M504PTE9,1,2,1,2015-10-06 11:13:58,1,16.968
1EJX42UJ,2015-10-06 10:23:36,2015-10-05 17:19:46,6400,AR6E,AR4105,0000,00000000,0000,A1JF,101010A0A0D2D2    10,0  0,LI,73,U975,000014,ARHS36AM,00000000,1,,0,0,M505SW54,1,2,1,2015-10-06 11:18:57,1,17.064
1EJX42VJ,2015-10-06 10:19:38,2015-10-05 17:19:46,6400,AR6E,AR4105,0000,00000000,0000,A1JF,101010A0A0D2A2    10,0  0,LI,73,U975,000045,ARHS36AM,00000000,1,,0,0,M50673Z3,1,2,1,2015-10-06 11:13:58,1,16.998
1EJX42XJ,2015-10-06 10:17:55,2015-10-05 17:19:46,6400,AR6E,AR4105,0000,00000000,0000,A1JF,101010A0A0D2D2    10,0  0,LI,73,U975,000012,ARHS36AM,00000000,1,,0,0,M505WN18,1,2,1,2015-10-06 11:18:57,1,16.969
1EJX446J,2015-10-06 10:18:55,2015-10-05 17:19:46,6400,AR6E,AR4105,0000,00000000,0000,A1JF,101010A0A0D2A2    10,0  0,LI,73,U975,000021,ARHS36AM,00000000,1,,0,0,M5068485,1,2,1,2015-10-06 11:18:57,1,16.986
1EJX447J,2015-10-06 10:17:57,2015-10-05 17:19:46,6400,AR6E,AR4105,0000,00000000,0000,A1JF,101010A0A0D2A2    10,0  0,LI,73,U975,000003,ARHS36AM,00000000,1,,0,0,M5067NT2,1,2,1,2015-10-06 11:13:58,1,16.969
1EJX44AJ,2015-10-06 10:19:40,2015-10-05 17:19:46,6400,AR6E,AR4105,0000,00000000,0000,A1JF,101010A0A0D2A2    10,0  0,LI,73,U975,000039,ARHS36AM,00000000,1,,0,0,M50688R8,1,2,1,2015-10-06 11:18:57,1,16.998
1EJX44BJ,2015-10-06 10:12:39,2015-10-05 17:19:46,6400,AR6E,AR4105,0000,00000000,0000,A1JF,101010A0A0D2D2    10,0  0,LI,73,U975,000007,ARHS36AM,00000000,1,,0,0,M505SVZ3,1,2,1,2015-10-06 10:39:08,1,16.881
1EJX44EJ,2015-10-06 10:28:16,2015-10-05 17:19:46,6400,AR6E,AR4105,0000,00000000,0000,A1JF,101010A0A0D2A2    10,0  0,LI,73,U975,000044,ARHS36AM,00000000,1,,0,0,M5066X35,1,2,1,2015-10-06 11:18:58,1,17.141
1EJX45KJ,2015-10-06 10:23:35,2015-10-05 17:19:46,6400,AR6E,AR4105,0000,00000000,0000,A1JF,101010A0A0D2D2    10,0  0,LI,73,U975,000057,ARHS36AM,00000000,1,,0,0,M505STZ8,1,2,1,2015-10-06 11:18:58,1,17.063
1EJX45LJ,2015-10-06 10:19:31,2015-10-05 17:19:46,6400,AR6E,AR4105,0000,00000000,0000,A1JF,101010A0A0D2A2    10,0  0,LI,73,U975,000056,ARHS36AM,00000000,1,,0,0,M5053C76,1,2,1,2015-10-06 11:18:58,1,16.996
1EJX45PJ,2015-10-06 10:07:28,2015-10-05 17:19:46,6400,AR6E,AR4105,0000,00000000,0000,A1JF,101010A0A0D2D2    10,0  0,LI,73,U975,000013,ARHS36AM,00000000,1,,0,0,M505SVS7,1,2,1,2015-10-06 10:39:09,1,16.795
1EJX460J,2015-10-06 10:13:41,2015-10-05 17:19:46,6400,AR6E,AR4105,0000,00000000,0000,A1JF,101010A0A0D2D2    10,0  0,LI,73,U975,000020,ARHS36AM,00000000,1,,0,0,M505SV49,1,2,1,2015-10-06 10:39:09,1,16.898
1EJX461J,2015-10-06 10:22:32,2015-10-05 17:19:46,6400,AR6E,AR4105,0000,00000000,0000,A1JF,101010A0A0D2D2    10,0  0,LI,73,U975,000019,ARHS36AM,00000000,1,,0,0,M504PVB8,1,2,1,2015-10-06 11:18:57,1,17.046
1EJX465J,2015-10-06 10:19:32,2015-10-05 17:19:46,6400,AR6E,AR4105,0000,00000000,0000,A1JF,101010A0A0D2D2    10,0  0,LI,73,U975,000026,ARHS36AM,00000000,1,,0,0,M505ZTQ9,1,2,1,2015-10-06 11:18:58,1,16.996
1EJX46VJ,2015-10-06 10:23:53,2015-10-05 17:19:46,6400,AR6E,AR4105,0000,00000000,0000,A1JF,101010A0A0D2A2    10,0  0,LI,73,U975,000055,ARHS36AM,00000000,1,,0,0,M5068593,1,2,1,2015-10-06 11:18:58,1,17.068
1EJX46WJ,2015-10-06 10:19:12,2015-10-05 17:19:46,6400,AR6E,AR4105,0000,00000000,0000,A1JF,101010A0A0D2A2    10,0  0,LI,73,U975,000050,ARHS36AM,00000000,1,,0,0,M50667M4,1,2,1,2015-10-06 11:18:58,1,16.990
1EJX46YJ,2015-10-06 10:23:29,2015-10-05 17:19:46,6400,AR6E,AR4105,0000,00000000,0000,A1JF,101010A0A0D2D2    10,0  0,LI,73,U975,000009,ARHS36AM,00000000,1,,0,0,M505SV64,1,2,1,2015-10-06 11:18:58,1,17.062
1EJX476J,2015-10-06 10:19:22,2015-10-05 17:19:46,6400,AR6E,AR4105,0000,00000000,0000,A1JF,101010A0A0D2D2    10,0  0,LI,73,U975,000051,ARHS36AM,00000000,1,,0,0,M505SVX3,1,2,1,2015-10-06 11:18:58,1,16.993
1EJX47KJ,2015-10-06 10:18:48,2015-10-05 17:19:46,6400,AR6E,AR4105,0000,00000000,0000,A1JF,101010A0A0D2D2    10,0  0,LI,73,U975,000038,ARHS36AM,00000000,1,,0,0,M505WH92,1,2,1,2015-10-06 11:18:58,1,16.984
1EJX48PJ,2015-10-06 10:46:51,2015-10-05 17:38:44,6400,AR6E,AR3105,0000,00000000,0000,A1JF,101010A0A0A2D2    10,0  0,LI,16,U973,000114,ARHS36AM,00000000,1,,0,0,M5064VG1,1,2,1,2015-10-06 11:18:58,1,17.135
1EJX4AWJ,2015-10-06 10:41:43,2015-10-05 17:38:44,6400,AR6E,AR3105,0000,00000000,0000,A1JF,101010A0A0D2D2    10,0  0,LI,16,U973,000117,ARHS36AM,00000000,1,,0,0,M5064VL1,1,2,1,2015-10-06 11:18:58,1,17.049
1EJX4AYJ,2015-10-06 10:47:01,2015-10-05 17:38:44,6400,AR6E,AR3105,0000,00000000,0000,A1JF,101010A0A0A2D2    10,0  0,LI,16,U973,000111,ARHS36AM,00000000,1,,0,0,M505WP06,1,2,1,2015-10-06 11:18:58,1,17.138
1EJWV1NJ,2015-10-06 10:19:26,2015-10-05 17:19:46,6400,AR6E,AR4105,0000,00000000,0000,A1JF,101010A040D2D2    10,0  0,LI,73,U975,000105,ARHS36AM,00000000,1,,0,0,M5051M30,1,2,1,2015-10-06 11:13:58,1,16.994
1EJWVKJJ,2015-10-06 10:18:43,2015-10-05 17:19:46,6400,AR6E,AR4105,0000,00000000,0000,A1JF,101010A0A0D2D2    10,0  0,LI,15,U975,000097,ARHS36AM,00000000,1,,0,0,M505YBF8,1,2,1,2015-10-06 11:18:57,1,16.982
1EJWVKZJ,2015-10-06 10:27:23,2015-10-05 17:19:46,6400,AR6E,AR4105,0000,00000000,0000,A1JF,101010A0A0D2D2    10,0  0,LI,73,U975,000006,ARHS36AM,00000000,1,,0,0,M5064PS6,1,2,1,2015-10-06 11:13:59,1,17.127
1EJWWRTJ,2015-10-06 10:24:07,2015-10-05 17:19:46,6400,AR6E,AR4105,0000,00000000,0000,A1JF,101010A040D2D2    10,0  0,LI,73,U975,000032,ARHS36AM,00000000,1,,0,0,M5064FD2,1,2,1,2015-10-06 11:18:58,1,17.072
1EJWX7PJ,2015-10-06 10:19:21,2015-10-05 17:19:46,6400,AR6E,AR4105,0000,00000000,0000,A1JF,101010A0A0D2D2    10,0  0,LI,73,U975,000099,ARHS36AM,00000000,1,,0,0,M505Z4K9,1,2,1,2015-10-06 11:18:58,1,16.993
1EJWXB7J,2015-10-06 10:19:01,2015-10-05 17:19:46,6400,AR6E,AR4105,0000,00000000,0000,A1JF,101010A0A0D2D2    10,0  0,LI,73,U975,000115,ARHS36AM,00000000,1,,0,0,M50618E9,1,2,1,2015-10-06 11:18:58,1,16.987
1EJWXBHJ,2015-10-06 10:18:58,2015-10-05 17:19:46,6400,AR6E,AR4105,0000,00000000,0000,A1JF,101010A0A0D2D2    10,0  0,LI,73,U975,000031,ARHS36AM,00000000,1,,0,0,M505QTA2,1,2,1,2015-10-06 11:13:58,1,16.986
1EJWXGDJ,2015-10-06 10:23:03,2015-10-05 17:19:46,6400,AR6E,AR4105,0000,00000000,0000,A1JF,101010A0A0D2D2    10,0  0,LI,73,U975,000033,ARHS36AM,00000000,1,,0,0,M505TRP1,1,2,1,2015-10-06 11:18:57,1,17.054
1EJWYAWJ,2015-10-06 10:20:01,2015-10-05 17:19:46,6400,AR6E,AR4105,0000,00000000,0000,A1JF,101010A0A0D2D2    10,0  0,LI,15,U975,000104,ARHS36AM,00000000,1,,0,0,M504SZ77,1,2,1,2015-10-06 11:18:57,1,17.004
1EJWYK7J,2015-10-06 10:19:31,2015-10-05 17:19:46,6400,AR6E,AR4105,0000,00000000,0000,A1JF,151010A0A0D2D2    10,10  8,LI,15,U975,000098,ARHS36AM,00000000,1,,0,0,M5069V53,1,2,1,2015-10-06 11:13:58,1,16.996
1EJWYLRJ,2015-10-06 10:13:41,2015-10-05 17:19:46,6400,AR6E,AR4105,0000,00000000,0000,A1JF,101010A0A0D2D2    10,0  0,LI,73,U975,000043,ARHS36AM,00000000,2,,0,0,M505WCT9,1,2,1,2015-10-06 10:39:09,1,16.898
1EJWYT1J,2015-10-06 10:16:16,2015-10-05 17:19:46,6400,AR6E,AR4105,0000,00000000,0000,A1JF,101010A0A0D2A2    10,0  0,LI,73,U975,000001,ARHS36AM,00000000,1,,0,0,M5068RW7,1,2,1,2015-10-06 10:39:09,1,16.941
1EJWYT7J,2015-10-06 10:21:23,2015-10-05 17:19:46,6400,AR6E,AR4105,0000,00000000,0000,A1JF,101010A0A0D2D2    10,0  0,LI,73,U975,000015,ARHS36AM,00000000,1,,0,0,M505WHR3,1,2,1,2015-10-06 11:13:58,1,17.027
1EJWYT8J,2015-10-06 10:16:59,2015-10-05 17:19:46,6400,AR6E,AR4105,0000,00000000,0000,A1JF,101010A0A0D2D2    10,0  0,LI,73,U975,000002,ARHS36AM,00000000,1,,0,0,M505SV88,1,2,1,2015-10-06 10:39:09,1,16.953
1EJWYUPJ,2015-10-06 10:18:26,2015-10-05 17:19:46,6400,AR6E,AR4105,0000,00000000,0000,A1JF,101010A0A0D2A2    10,0  0,LI,73,U975,000027,ARHS36AM,00000000,1,,0,0,M50689H5,1,2,1,2015-10-06 11:18:58,1,16.978
1EJWYW5J,2015-10-06 10:13:10,2015-10-05 17:19:46,6400,AR6E,AR4105,0000,00000000,0000,A1JF,101010A0A0D2A2    10,0  0,LI,73,U975,000035,ARHS36AM,00000000,1,,0,0,M50689W2,1,2,1,2015-10-06 10:39:09,1,16.890
1EJWYXJJ,2015-10-06 10:22:46,2015-10-05 17:19:46,6400,AR6E,AR4105,0000,00000000,0000,A1JF,101010A0A0D2A2    10,0  0,LI,73,U975,000016,ARHS36AM,00000000,1,,0,0,M5068474,1,2,1,2015-10-06 11:13:58,1,17.050
1EJWYY6J,2015-10-06 10:17:32,2015-10-05 17:19:46,6400,AR6E,AR4105,0000,00000000,0000,A1JF,101010A0A0D2D2    10,0  0,LI,73,U975,000085,ARHS36AM,00000000,1,,0,0,M505WPC2,1,2,1,2015-10-06 10:39:08,1,16.963
1EJWYYEJ,2015-10-06 10:17:55,2015-10-05 17:19:46,6400,AR6E,AR4105,0000,00000000,0000,A1JF,101010A0A0D2D2    10,0  0,LI,73,U975,000063,ARHS36AM,00000000,1,,0,0,M505ZV63,1,2,1,2015-10-06 11:13:58,1,16.969
1EJWYYYJ,2015-10-06 10:18:04,2015-10-05 17:19:46,6400,AR6E,AR4105,0000,00000000,0000,A1JF,101010A0A0D2D2    10,0  0,LI,73,U975,000074,ARHS36AM,00000000,1,,0,0,M505ZTC2,1,2,1,2015-10-06 11:18:58,1,16.971
1EJWYZBJ,2015-10-06 10:19:30,2015-10-05 17:19:46,6400,AR6E,AR4105,0000,00000000,0000,A1JF,101010A0A0D2D2    10,0  0,LI,73,U975,000086,ARHS36AM,00000000,1,,0,0,M5064NT1,1,2,1,2015-10-06 11:18:57,1,16.995
1EJWYZDJ,2015-10-06 10:17:57,2015-10-05 17:19:46,6400,AR6E,AR4105,0000,00000000,0000,A1JF,101010A0A0D2D2    10,0  0,LI,73,U975,000093,ARHS36AM,00000000,1,,0,0,M505SV66,1,2,1,2015-10-06 11:18:58,1,16.969
1EJWZ02J,2015-10-06 10:12:16,2015-10-05 17:19:46,6400,AR6E,AR4105,0000,00000000,0000,A1JF,101010A0A0D2D2    10,0  0,LI,73,U975,000069,ARHS36AM,00000000,1,,0,0,M505SV77,1,2,1,2015-10-06 10:39:09,1,16.875
1EJWZ0HJ,2015-10-06 10:19:07,2015-10-05 17:19:46,6400,AR6E,AR4105,0000,00000000,0000,A1JF,101010A0A0D2D2    10,0  0,LI,73,U975,000092,ARHS36AM,00000000,1,,0,0,M505WPX1,1,2,1,2015-10-06 11:18:57,1,16.989
1EJWZ11J,2015-10-06 10:18:20,2015-10-05 17:19:46,6400,AR6E,AR4105,0000,00000000,0000,A1JF,101010A0A0D2D2    10,0  0,LI,73,U975,000081,ARHS36AM,00000000,1,,0,0,M505WPQ1,1,2,1,2015-10-06 11:13:59,1,16.976
1EJWZ1LJ,2015-10-06 10:18:59,2015-10-05 17:19:46,6400,AR6E,AR4105,0000,00000000,0000,A1JF,101010A0A0D2D2    10,0  0,LI,73,U975,000004,ARHS36AM,00000000,1,,0,0,M5064PJ7,1,2,1,2015-10-06 11:13:58,1,16.987
1EJWZ46J,2015-10-06 10:23:47,2015-10-05 17:19:46,6400,AR6E,AR4105,0000,00000000,0000,A1JF,101010A0A0D2D2    10,0  0,LI,73,U975,000091,ARHS36AM,00000000,1,,0,0,M5064PS7,1,2,1,2015-10-06 11:18:58,1,17.067
1EJWZ49J,2015-10-06 10:18:34,2015-10-05 17:19:46,6400,AR6E,AR4105,0000,00000000,0000,A1JF,101010A0A0D2D2    10,0  0,LI,73,U975,000087,ARHS36AM,00000000,1,,0,0,M505WPZ7,1,2,1,2015-10-06 11:18:58,1,16.980
1EJX1YPJ,2015-10-06 10:19:23,2015-10-05 17:19:46,6400,AR6E,AR4105,0000,00000000,0000,A1JF,101010A0A0D2D2    10,0  0,LF,04,U975,000080,ARHS36AM,00000000,1,,0,0,M506F9D6,1,2,1,2015-10-06 11:13:58,1,16.993
1EJX4HGJ,2015-10-06 10:45:21,2015-10-05 17:38:44,6400,AR6E,AR3105,0000,00000000,0000,A1JF,101010A0A0A2D2    10,0  0,LI,16,U973,000039,ARHS36AM,00000000,1,,0,0,M5068572,1,2,1,2015-10-06 11:13:59,1,17.110
1EJX4HHJ,2015-10-06 10:41:27,2015-10-05 17:38:44,6400,AR6E,AR3105,0000,00000000,0000,A1JF,101010A0A0D3D2    10,0  0,LI,16,U973,000062,ARHS36AM,00000000,1,,0,0,M5067VG8,1,2,1,2015-10-06 11:18:58,1,17.045
1EJX4HJJ,2015-10-06 10:47:21,2015-10-05 17:38:44,6400,AR6E,AR3105,0000,00000000,0000,A1JF,101010A0A0D3D2    10,0  0,LI,16,U973,000055,ARHS36AM,00000000,1,,0,0,M5066YE1,1,2,1,2015-10-06 11:18:57,1,17.143
1EJX4K1J,2015-10-06 10:41:56,2015-10-05 17:38:44,6400,AR6E,AR3105,0000,00000000,0000,A1JF,101010A0A0D3D2    10,0  0,LI,16,U973,000044,ARHS36AM,00000000,1,,0,0,M5066GM2,1,2,1,2015-10-06 11:18:58,1,17.053
1EJX7Y9J,2015-10-06 10:46:30,2015-10-05 17:38:44,6400,AR6E,AR3105,0000,00000000,0000,A1JF,151010A0A0A2D2    10,10  8,LF,58,U973,000028,ARHS36AM,00000000,1,,0,0,M504PHY8,1,2,1,2015-10-06 11:18:58,1,17.129
1EJX7WPJ,2015-10-06 10:42:22,2015-10-05 17:38:44,6400,AR6E,AR3105,0000,00000000,0000,A1JF,151010A0A0A2D2    10,10  8,LF,58,U973,000020,ARHS36AM,00000000,1,,0,0,M5064V30,1,2,1,2015-10-06 11:13:58,1,17.060
1EJX7WRJ,2015-10-06 10:50:54,2015-10-05 17:38:44,6400,AR6E,AR3105,0000,00000000,0000,A1JF,151010A0A0A2D2    10,10  8,LF,58,U973,000008,ARHS36AM,00000000,1,,0,0,M5064T93,1,2,1,2015-10-06 11:39:00,1,17.203
1EJX7WSJ,2015-10-06 10:46:44,2015-10-05 17:38:44,6400,AR6E,AR3105,0000,00000000,0000,A1JF,151010A0A0D2D2    10,10  8,LF,58,U973,000002,ARHS36AM,00000000,1,,0,0,M5067711,1,2,1,2015-10-06 11:18:57,1,17.133
1EJX7WVJ,2015-10-06 10:52:01,2015-10-05 17:38:44,6400,AR6E,AR3105,0000,00000000,0000,A1JF,151010A0A0D2D2    10,10  8,LF,58,U973,000031,ARHS36AM,00000000,1,,0,0,M5067WG0,1,2,1,2015-10-06 11:39:00,1,17.221
1EJX7WWJ,2015-10-06 10:45:20,2015-10-05 17:38:44,6400,AR6E,AR3105,0000,00000000,0000,A1JF,151010A0A0A2D2    10,10  8,LF,58,U973,000120,ARHS36AM,00000000,1,,0,0,M5064V45,1,2,1,2015-10-06 11:13:58,1,17.110
1EJX7WXJ,2015-10-06 10:46:54,2015-10-05 17:38:44,6400,AR6E,AR3105,0000,00000000,0000,A1JF,151010A0A0D2D2    10,10  8,LF,58,U973,000081,ARHS36AM,00000000,1,,0,0,M50688V2,1,2,1,2015-10-06 11:18:57,1,17.136
1EJX7WYJ,2015-10-06 10:46:38,2015-10-05 17:38:44,6400,AR6E,AR3105,0000,00000000,0000,A1JF,151010A0A0D2D2    10,10  8,LF,58,U973,000100,ARHS36AM,00000000,1,,0,0,M505X607,1,2,1,2015-10-06 11:18:58,1,17.131
1EJX7WZJ,2015-10-06 10:56:20,2015-10-05 17:38:44,6400,AR6E,AR3105,0000,00000000,0000,A1JF,151010A0A0A2D2    10,10  8,LF,58,U973,000007,ARHS36AM,00000000,1,,0,0,M504PV38,1,2,1,2015-10-06 11:39:00,1,17.293
1EJX7X0J,2015-10-06 10:41:49,2015-10-05 17:38:44,6400,AR6E,AR3105,0000,00000000,0000,A1JF,151010A0A0D2D2    10,10  8,LF,58,U973,000087,ARHS36AM,00000000,1,,0,0,M505ZCD7,1,2,1,2015-10-06 11:18:58,1,17.051
1EJX7X1J,2015-10-06 10:45:54,2015-10-05 17:38:44,6400,AR6E,AR3105,0000,00000000,0000,A1JF,151010A0A0D2D2    10,10  8,LF,58,U973,000027,ARHS36AM,00000000,1,,0,0,M505SVS5,1,2,1,2015-10-06 11:18:57,1,17.119
1EJX7X2J,2015-10-06 10:42:38,2015-10-05 17:38:44,6400,AR6E,AR3105,0000,00000000,0000,A1JF,151010A0A0D2D2    10,10  8,LF,58,U973,000091,ARHS36AM,00000000,1,,0,0,M505X502,1,2,1,2015-10-06 11:13:58,1,17.065
1EJX7X3J,2015-10-06 10:46:34,2015-10-05 17:38:44,6400,AR6E,AR3105,0000,00000000,0000,A1JF,151010A0A0D2D2    10,10  8,LF,58,U973,000017,ARHS36AM,00000000,1,,0,0,M505ZCG6,1,2,1,2015-10-06 11:13:59,1,17.130
1EJX7X5J,2015-10-06 10:47:10,2015-10-05 17:38:44,6400,AR6E,AR3105,0000,00000000,0000,A1JF,151010A0A0A2D2    10,10  8,LF,58,U973,000029,ARHS36AM,00000000,1,,0,0,M5068480,1,2,1,2015-10-06 11:13:58,1,17.140
1EJX7XRJ,2015-10-06 10:46:59,2015-10-05 17:38:44,6400,AR6E,AR3105,0000,00000000,0000,A1JF,151010A0A0A2D2    10,10  8,LF,58,U973,000080,ARHS36AM,00000000,1,,0,0,M504PVJ2,1,2,1,2015-10-06 11:18:58,1,17.137
1EJX7XSJ,2015-10-06 10:45:55,2015-10-05 17:38:44,6400,AR6E,AR3105,0000,00000000,0000,A1JF,151010A0A0A2D2    10,10  8,LF,58,U973,000009,ARHS36AM,00000000,1,,0,0,M5064NP2,1,2,1,2015-10-06 11:18:58,1,17.119
1EJX7XTJ,2015-10-06 10:46:59,2015-10-05 17:38:44,6400,AR6E,AR3105,0000,00000000,0000,A1JF,151010A0A0D2D2    10,10  8,LF,58,U973,000014,ARHS36AM,00000000,1,,0,0,M505ZCS0,1,2,1,2015-10-06 11:18:58,1,17.137
1EJX7XUJ,2015-10-06 10:50:46,2015-10-05 17:38:44,6400,AR6E,AR3105,0000,00000000,0000,A1JF,151010A0A0A2D2    10,10  8,LF,58,U973,000012,ARHS36AM,00000000,1,,0,0,M50684G7,1,2,1,2015-10-06 11:39:00,1,17.200
1EJX7XVJ,2015-10-06 10:41:49,2015-10-05 17:38:44,6400,AR6E,AR3105,0000,00000000,0000,A1JF,151010A0A0D2D2    10,10  8,LF,58,U973,000034,ARHS36AM,00000000,1,,0,0,M505SVF6,1,2,1,2015-10-06 11:18:58,1,17.051
1EJX7XWJ,2015-10-06 10:47:05,2015-10-05 17:38:44,6400,AR6E,AR3105,0000,00000000,0000,A1JF,151010A0A0A2D2    10,10  8,LF,58,U973,000018,ARHS36AM,00000000,1,,0,0,M505WJ28,1,2,1,2015-10-06 11:18:57,1,17.139
1EJX7XXJ,2015-10-06 10:41:58,2015-10-05 17:38:44,6400,AR6E,AR3105,0000,00000000,0000,A1JF,151010A0A0D2D2    10,10  8,LF,58,U973,000075,ARHS36AM,00000000,1,,0,0,M505X5N1,1,2,1,2015-10-06 11:18:58,1,17.054
1EJX7Y8J,2015-10-06 10:41:22,2015-10-05 17:38:44,6400,AR6E,AR3105,0000,00000000,0000,A1JF,151010A0A0D2D2    10,10  8,LF,58,U973,000065,ARHS36AM,00000000,1,,0,0,M505X612,1,2,1,2015-10-06 11:13:58,1,17.044
1EJX4AZJ,2015-10-06 10:45:18,2015-10-05 17:38:44,6400,AR6E,AR3105,0000,00000000,0000,A1JF,101010A0A0A2D2    10,0  0,LI,16,U973,000061,ARHS36AM,00000000,1,,0,0,M5067Q84,1,2,1,2015-10-06 11:18:58,1,17.109
1EJX4B4J,2015-10-06 10:42:08,2015-10-05 17:38:44,6400,AR6E,AR3105,0000,00000000,0000,A1JF,101010A0A0A2D2    10,0  0,LI,16,U973,000085,ARHS36AM,00000000,1,,0,0,M5067YL0,1,2,1,2015-10-06 11:18:58,1,17.056
1EJX4B7J,2015-10-06 10:45:50,2015-10-05 17:38:44,6400,AR6E,AR3105,0000,00000000,0000,A1JF,101010A0A0A2D2    10,0  0,LI,16,U973,000056,ARHS36AM,00000000,1,,0,0,M5068SA9,1,2,1,2015-10-06 11:18:58,1,17.118
1EJX4B9J,2015-10-06 10:46:49,2015-10-05 17:38:44,6400,AR6E,AR3105,0000,00000000,0000,A1JF,101010A0A0A2D2    10,0  0,LI,16,U973,000078,ARHS36AM,00000000,1,,0,0,M505WHC7,1,2,1,2015-10-06 11:18:58,1,17.134
1EJX4BKJ,2015-10-06 10:19:32,2015-10-05 17:19:46,6400,AR6E,AR4105,0000,00000000,0000,A1JF,101010A0A0D3D2    10,0  0,LI,16,U975,000046,ARHS36AM,00000000,1,,0,0,M5066GL2,1,2,1,2015-10-06 11:13:58,1,16.996
1EJX4BLJ,2015-10-06 10:19:22,2015-10-05 17:19:46,6400,AR6E,AR4105,0000,00000000,0000,A1JF,101010A0A0A2D2    10,0  0,LI,16,U975,000047,ARHS36AM,00000000,1,,0,0,M5064V66,1,2,1,2015-10-06 11:13:58,1,16.993
1EJX4BZJ,2015-10-06 10:51:35,2015-10-05 17:38:44,6400,AR6E,AR3105,0000,00000000,0000,A1JF,101010A0A0A2D2    10,0  0,LI,16,U973,000069,ARHS36AM,00000000,1,,0,0,M5064TV4,1,2,1,2015-10-06 11:39:01,1,17.214
1EJX4D4J,2015-10-06 10:41:57,2015-10-05 17:38:44,6400,AR6E,AR3105,0000,00000000,0000,A1JF,101010A0A0A2D2    10,0  0,LI,16,U973,000057,ARHS36AM,00000000,1,,0,0,M5064V71,1,2,1,2015-10-06 11:18:58,1,17.053
1EJX4D5J,2015-10-06 10:52:23,2015-10-05 17:38:44,6400,AR6E,AR3105,0000,00000000,0000,A1JF,101010A0A0A2D2    10,0  0,LI,16,U973,000043,ARHS36AM,00000000,1,,0,0,M5064TW5,1,2,1,2015-10-06 11:39:01,1,17.227
1EJX4DJJ,2015-10-06 10:23:36,2015-10-05 17:19:46,6400,AR6E,AR4105,0000,00000000,0000,A1JF,101010A0A0D3D2    10,0  0,LI,16,U975,000060,ARHS36AM,00000000,1,,0,0,M5066GQ7,1,2,1,2015-10-06 11:13:58,1,17.064
1EJX4DKJ,2015-10-06 10:19:40,2015-10-05 17:19:46,6400,AR6E,AR4105,0000,00000000,0000,A1JF,101010A0A0A2D2    10,0  0,LI,16,U975,000114,ARHS36AM,00000000,1,,0,0,M504PV29,1,2,1,2015-10-06 11:18:57,1,16.998
1EJX4DLJ,2015-10-06 10:22:26,2015-10-05 17:19:46,6400,AR6E,AR4105,0000,00000000,0000,A1JF,101010A0A0D3D2    10,0  0,LI,16,U975,000059,ARHS36AM,00000000,1,,0,0,M5067799,1,2,1,2015-10-06 11:18:57,1,17.044
1EJX4DNJ,2015-10-06 10:23:45,2015-10-05 17:19:46,6400,AR6E,AR4105,0000,00000000,0000,A1JF,101010A0A0D3D2    10,0  0,LI,16,U975,000041,ARHS36AM,00000000,1,,0,0,M5066GG7,1,2,1,2015-10-06 11:18:57,1,17.066
1EJX4HDJ,2015-10-06 10:46:31,2015-10-05 17:38:44,6400,AR6E,AR3105,0000,00000000,0000,A1JF,101010A0A0D3D2    10,0  0,LI,16,U973,000074,ARHS36AM,00000000,1,,0,0,M505X531,1,2,1,2015-10-06 11:13:58,1,17.129
1EJX4GHJ,2015-10-06 10:19:38,2015-10-05 17:19:46,6400,AR6E,AR4105,0000,00000000,0000,A1JF,101010A0A0A2D2    10,0  0,LI,16,U975,000052,ARHS36AM,00000000,1,,0,0,M5064TX6,1,2,1,2015-10-06 11:18:57,1,16.998
1EJX4G6J,2015-10-06 10:18:40,2015-10-05 17:19:46,6400,AR6E,AR4105,0000,00000000,0000,A1JF,101010A0A0D3D2    10,0  0,LI,16,U975,000042,ARHS36AM,00000000,1,,0,0,M505X5V6,1,2,1,2015-10-06 11:13:58,1,16.981
1EJX4ERJ,2015-10-06 10:13:07,2015-10-05 17:19:46,6400,AR6E,AR4105,0000,00000000,0000,A1JF,101010A0A0A2D2    10,0  0,LI,16,U975,000040,ARHS36AM,00000000,1,,0,0,M5068CX3,1,2,1,2015-10-06 10:39:09,1,16.889
1EJX4EPJ,2015-10-06 10:19:35,2015-10-05 17:19:46,6400,AR6E,AR4105,0000,00000000,0000,A1JF,101010A0A0D3D2    10,0  0,LI,16,U975,000048,ARHS36AM,00000000,1,,0,0,M505X579,1,2,1,2015-10-06 11:18:58,1,16.997
1EJX4DZJ,2015-10-06 10:19:39,2015-10-05 17:19:46,6400,AR6E,AR4105,0000,00000000,0000,A1JF,101010A0A0D3D2    10,0  0,LI,16,U975,000112,ARHS36AM,00000000,1,,0,0,M50677C7,1,2,1,2015-10-06 11:18:58,1,16.998
1EJX4EJJ,2015-10-06 10:19:26,2015-10-05 17:19:46,6400,AR6E,AR4105,0000,00000000,0000,A1JF,101010A0A0D3D2    10,0  0,LI,16,U975,000053,ARHS36AM,00000000,1,,0,0,M505X656,1,2,1,2015-10-06 11:13:59,1,16.994
1EJX4ELJ,2015-10-06 10:23:33,2015-10-05 17:19:46,6400,AR6E,AR4105,0000,00000000,0000,A1JF,101010A0A0A2D2    10,0  0,LI,16,U975,000058,ARHS36AM,00000000,1,,0,0,M5064PA3,1,2,1,2015-10-06 11:13:58,1,17.063
1EJX4JRJ,2015-10-05 19:38:14,2015-10-05 17:38:44,6400,AR6E,AR3105,3281,00000004,0000,A1JF,101010A0A0D2D2    10,0  0,LI,16,U973,000059,ARHS36AM,00000800,1,CH,0,0,M5068A12,1,2,1,2015-10-05 20:28:42,0,1.992
1EJX911J,2015-10-06 03:44:44,2015-10-05 17:19:46,6400,AR6E,AR4105,3351,00002000,0000,A1JF,151010A0A0A2D2    10,10  8,LF,58,U975,000119,ARHS36AM,00000000,1,RN,0,0,M504PVC2,1,2,1,2015-10-06 04:38:59,1,10.416
1EJX914J,2015-10-06 10:23:37,2015-10-05 17:19:46,6400,AR6E,AR4105,335R,00000001,0000,A1JF,151010A0A0D3D2    10,10  8,LF,58,U975,000100,ARHS36AM,00000000,1,XW,0,0,M5068N00,1,2,1,2015-10-06 11:18:57,1,17.064
1EJX8BHJ,2015-10-06 04:02:54,2015-10-05 17:38:44,6400,AR6E,AR3105,4101,00002000,0000,A1JF,101010A0A0A2D2    10,0  0,LF,58,U973,000004,ARHS36AM,00000000,1,RN,0,0,M5064P66,1,2,1,2015-10-06 05:18:52,1,10.403
1EJX8BPJ,2015-10-06 02:52:34,2015-10-05 17:38:44,6400,AR6E,AR3105,4101,00000002,0000,A1JF,101010A0A0A2D2    10,0  0,LF,58,U973,000005,ARHS36AM,00000000,1,RN,0,0,M5068547,1,2,1,2015-10-06 04:38:59,1,9.230
1EJX8BGJ,2015-10-05 23:23:13,2015-10-05 17:38:44,6400,AR6E,AR3105,4201,00000001,0000,A1JF,101010A0A0A2D2    10,0  0,LF,58,U973,000032,ARHS36AM,00002000,1,SK,0,0,M5064TT7,1,2,1,2015-10-06 00:18:48,0,5.741
1EJX2BZJ,2015-10-05 23:39:07,2015-10-05 17:19:46,6400,AR6E,AR4105,4201,00000080,0000,A1JF,101010A0A0D2D2    10,0  0,LF,04,U975,000049,ARHS36AM,00000040,1,SK,0,0,M506C0M3,1,2,1,2015-10-06 00:18:47,0,6.323
1EJWYT0J,2015-10-05 23:34:40,2015-10-05 17:19:46,6400,AR6E,AR4105,4201,00000001,0000,A1JF,101010A0A0D2D2    10,0  0,LI,73,U975,000037,ARHS36AM,00002000,1,SK,0,0,M505WJ21,1,2,1,2015-10-06 00:18:48,0,6.248
1EJX8VXJ,2015-10-05 22:59:58,2015-10-05 17:19:46,6400,AR6E,AR4105,4201,00000002,0000,A1JF,10101540A0D2D2    10,10  8,LF,58,U975,000116,ARHS36AM,00001000,1,CH,0,0,M5067ZK1,1,2,1,2015-10-05 23:48:48,0,5.670
1EJX7WUJ,2015-10-06 10:43:04,2015-10-05 17:38:44,6400,AR6E,AR3105,4602,00001000,0000,A1JF,151010A0A0D2D2    10,10  8,LF,58,U973,000021,ARHS36AM,00000002,1,CH,0,0,M5067WK2,1,2,1,2015-10-06 11:18:58,1,17.072
1EJX959J,2015-10-06 10:46:27,2015-10-05 17:38:44,6400,AR6E,AR3105,4602,00000800,0000,A1JF,101010A0A0A2D2    10,0  0,LF,58,U973,000001,ARHS36AM,00000004,1,CH,0,0,M50677D1,1,2,1,2015-10-06 11:18:58,1,17.128
1EJX86DJ,2015-10-06 10:42:18,2015-10-05 17:38:44,6400,AR6E,AR3105,4602,00000004,0000,A1JF,101010A0A0A2D2    10,0  0,LF,04,U973,000052,ARHS36AM,00000800,1,CH,0,0,M5068546,1,2,1,2015-10-06 11:18:58,1,17.059
1EJX7X4J,2015-10-06 07:30:53,2015-10-05 17:38:44,6400,AR6E,AR3105,4801,00000001,0000,A1JF,151010A0A0A2D2    10,10  8,LF,58,U973,000019,ARHS36AM,00002000,1,CH,0,0,M5064TT0,1,2,1,2015-10-06 08:13:54,1,13.869
1EJX7Y7J,2015-10-06 07:50:09,2015-10-05 17:38:44,6400,AR6E,AR3105,4801,00000100,0000,A1JF,151010A0A0D2D2    10,10  8,LF,58,U973,000006,ARHS36AM,00000020,1,CH,0,0,M5067VT3,1,2,1,2015-10-06 08:43:54,1,14.190
1EJX8JPJ,2015-10-05 18:57:27,2015-10-05 17:38:44,6400,AR6E,AR3105,4C11,00000001,0000,A1JF,101010A0A0D2D2    10,0  0,LF,58,U973,000076,ARHS36AM,00002000,1,CH,0,0,M505SV00,1,2,1,2015-10-05 20:33:39,0,1.312
1EJX8KXJ,2015-10-05 20:06:51,2015-10-05 17:38:44,6400,AR6E,AR3105,4C1P,00000010,0000,A1JF,101010A0A0D2D2    10,0  0,LF,58,U973,000064,ARHS36AM,00000000,1,RN,0,0,M50673F7,1,2,1,2015-10-05 21:23:42,0,2.469
1EJXA6VJ,2015-10-06 01:33:31,2015-10-05 17:38:44,6400,AR6E,AR3105,6SAT,00000800,0000,A1JF,101010A0A0D2D2    10,0  0,LF,58,U973,000084,ARHS36AM,00000000,1,XW,0,0,M5067VT7,1,2,1,2015-10-06 02:13:46,1,7.913
1EJX8KLJ,2015-10-06 01:28:30,2015-10-05 17:38:44,6400,AR6E,AR3105,9RAT,00000000,0000,A1JF,101010A0A0D2D2    10,0  0,LF,58,U973,000105,ARHS36AM,00000000,1,RN,0,0,M505SVS4,1,2,1,2015-10-06 02:13:46,1,7.829
1EJXA74J,2015-10-06 06:43:07,2015-10-05 17:38:44,6400,AR6E,AR3105,9SHP,00000000,0000,A1JF,101010A0A0D2D2    10,0  0,LF,58,U973,000066,ARHS36AM,00000000,1,RN,0,0,M5068HL5,1,2,1,2015-10-06 07:18:54,1,13.073
1EJX2B4J,2015-10-05 17:26:09,2015-10-05 17:19:46,6400,AR6E,AR4105,9SRV,00000000,0000,A1JF,1010154040D2Z2    10,10  8,LF,58,U975,000111,ARHS36AM,00000000,1,CA,0,0,M5065990,1,2,1,2015-10-05 18:18:46,0,0.106
1EJWT4KJ,2015-10-05 23:04:03,2015-10-05 17:19:46,6400,AR6E,AR4105,SU21,00000001,0000,A1JF,10101040A0D2Z2    10,0  0,LF,58,U975,000103,ARHS36AM,00000000,3,RN,3,3,M5065A38,1,2,2,2015-10-05 23:48:48,0,5.738
1EJX4JJJ,2015-10-05 17:57:03,2015-10-05 17:38:44,6400,AR6E,AR3105,UU11,00000000,0000,A1JF,101010A0A0A2D2    10,0  0,LI,16,U973,000098,ARHS36AM,00000000,1,RN,0,0,M50684R1,1,2,1,2015-10-05 19:48:39,0,0.305
1EJX8BMJ,2015-10-05 17:37:19,2015-10-05 17:35:35,6400,AR6E,AR3105,UUD0,00000000,0000,A1JF,101010A0A0A2D2    10,0  0,LF,58,U973,000068,ARHS36AM,00000000,1,RN,0,0,M504PVM7,1,2,1,2015-10-05 18:18:47,0,0.029
1EJX9MYJ    ,2015-10-08 03:40:47,2015-10-06 17:51:37,6600,AR6E,AR3105    ,1521,00000080,0000,A1JF,101010A0A0A2D2    10,   0  0,LI,16,X436,082500,ARHS36AC,00000000,1,XW,0,0,M5064V76    ,1,2,1,2015-10-08 03:59:49,2,33.819
1EJX3WPJ    ,2015-10-13 20:40:04,2015-10-13 16:20:07,6600,AR6E,AR4105    ,1521,00000001,0000,A1JF,101014A0A0D3D2    10,  10  8,LF,04,X43C,036701,ARHS36AC,00000000,1,XW,0,0,M5068KV2    ,1,2,1,2015-10-13 22:07:20,0,4.333
1EJX8EMJ    ,2015-10-08 14:20:34,2015-10-06 16:32:40,6600,AR6E,AR4105    ,1521,00001000,0000,A1JF,151010A0A0D3D2    10,  10  8,LF,58,X435,103400,ARHS36AC,00000000,1,XW,0,0,M505WQ83    ,1,2,1,2015-10-08 15:00:03,2,45.798
1EJX8BKJ    ,2015-10-10 08:10:03,2015-10-06 19:45:42,6600,AR6E,AR3105    ,1521,00000400,0000,A1JF,101010A0A0A2D2    10,   0  0,LF,58,X43A,065101,ARHS36AC,00000000,1,XW,0,0,M5064TF7    ,1,2,1,2015-10-10 08:30:39,4,84.406
1EJX46VJ    ,2015-10-13 17:09:03,2015-10-13 16:30:00,6600,AR6E,AR4105    ,335R,00000010,0000,A1JF,101010A0A0D2A2    10,   0  0,LI,73,X437,114601,ARHS36AC,00000000,1,XN,0,0,M5068593    ,1,2,1,2015-10-13 20:22:16,0,0.651
1EJX41UJ    ,2015-10-06 17:26:22,2015-10-06 17:22:49,6600,AR6E,AR4105    ,6HTE,00000000,0000,A1JF,101010A0A0D2A2    10,   0  0,LI,73,X436,163300,ARHS36AC,00000000,1,RR,0,0,M50684D8    ,1,2,1,2015-10-06 17:59:07,0,0.059
1EJX8XUJ    ,2015-10-06 19:49:08,2015-10-06 17:41:02,6600,AR6E,AR4105    ,6HTE,00000000,0000,A1JF,101010A0A0D2D2    10,   0  0,LF,58,X438,104501,ARHS36AC,00000000,1,RR,0,0,M505ZV42    ,1,2,1,2015-10-06 20:29:13,0,2.135
1EJX905J    ,2015-10-06 19:49:36,2015-10-06 17:40:35,6600,AR6E,AR4105    ,6HTE,00000000,0000,A1JF,101015A0A0D2D2    10,  10  8,LF,58,X43C,016101,ARHS36AC,00000000,1,RR,0,0,M50696N0    ,1,2,1,2015-10-06 20:29:13,0,2.150
1EJWYYEJ    ,2015-10-06 17:08:04,2015-10-06 17:04:25,6600,AR6E,AR4105    ,6HTE,00000000,0000,A1JF,101010A0A0D2D2    10,   0  0,LI,73,X436,163300,ARHS36AC,00000000,1,RR,0,0,M505ZV63    ,1,2,1,2015-10-06 17:29:04,0,0.061
1EJX44EJ    ,2015-10-27 10:01:50,2015-10-14 22:05:55,6600,AR6E,AR4105    ,9991,00000000,0000,A1JF,101010A0A0D2A2    10,   0  0,LI,73,X433,041401,ARHS36AC,00000000,1,RR,0,0,M5066X35    ,1,2,1,2015-10-27 10:29:40,13,299.932
1EJX1YPJ    ,2015-10-27 10:01:29,2015-10-14 21:36:53,6600,AR6E,AR4105    ,9991,00000000,0000,A1JF,101010A0A0D2D2    10,   0  0,LF,04,X432,020300,ARHS36AC,00000000,1,RR,0,0,M506F9D6    ,1,2,1,2015-10-27 10:29:40,13,300.410
1EJX4AYJ    ,2015-10-27 10:01:34,2015-10-14 22:17:50,6600,AR6E,AR3105    ,9991,00000000,0000,A1JF,101010A0A0A2D2    10,   0  0,LI,16,X436,242701,ARHS36AC,00000000,1,RR,0,0,M505WP06    ,1,2,1,2015-10-27 10:29:40,13,299.729
1EJWZ11J    ,2015-10-27 10:01:38,2015-10-14 21:36:53,6600,AR6E,AR4105    ,9991,00000000,0000,A1JF,101010A0A0D2D2    10,   0  0,LI,73,X432,020301,ARHS36AC,00000000,1,RR,0,0,M505WPQ1    ,1,2,1,2015-10-27 10:29:39,13,300.412
1EJX89RJ    ,2015-10-27 10:01:31,2015-10-17 06:26:21,6600,AR6E,AR4105    ,9991,00000000,0000,A1JF,151010A0A0D3D2    10,  10  8,LF,58,X436,063101,ARHS36AC,00000000,1,RR,0,0,M505WQ34    ,1,2,1,2015-10-27 10:29:40,10,243.586
1EJWYZBJ    ,2015-10-27 10:01:40,2015-10-14 22:05:55,6600,AR6E,AR4105    ,9991,00000000,0000,A1JF,101010A0A0D2D2    10,   0  0,LI,73,X433,041400,ARHS36AC,00000000,1,RR,0,0,M5064NT1    ,1,2,1,2015-10-27 10:29:39,13,299.929
1EJX4D5J    ,2015-10-27 10:01:34,2015-10-14 22:05:50,6600,AR6E,AR3105    ,9991,00000000,0000,A1JF,101010A0A0A2D2    10,   0  0,LI,16,X436,032700,ARHS36AC,00000000,1,RR,0,0,M5064TW5    ,1,2,1,2015-10-27 10:29:40,13,299.929
1EJXA6DJ    ,2015-10-27 10:01:40,2015-10-14 22:17:50,6600,AR6E,AR3105    ,9991,00000000,0000,A1JF,101010A0A0D2D2    10,   0  0,LF,58,X436,242700,ARHS36AC,00000000,1,RR,0,0,M505SVP8    ,1,2,1,2015-10-27 10:29:40,13,299.730
1EJX89DJ    ,2015-10-27 10:01:54,2015-10-17 06:26:21,6600,AR6E,AR4105    ,9991,00000000,0000,A1JF,101010A0A0A2D2    10,   0  0,LF,58,X436,063100,ARHS36AC,00000000,1,RR,0,0,M5068SN5    ,1,2,1,2015-10-27 10:29:40,10,243.592
1EJWYY6J    ,2015-10-06 21:26:59,2015-10-06 17:23:31,6600,AR6E,AR4105    ,999E,00000000,0000,A1JF,101010A0A0D2D2    10,   0  0,LI,73,X433,242400,ARHS36AC,00000000,1,RR,0,0,M505WPC2    ,1,2,1,2015-10-06 22:09:09,0,4.058
1EJX7WWJ    ,2015-10-07 00:34:29,2015-10-06 20:33:14,6600,AR6E,AR3105    ,999E,00000000,0000,A1JF,151010A0A0A2D2    10,  10  8,LF,58,X438,034500,ARHS36AC,00000000,1,RR,0,0,M5064V45    ,1,2,1,2015-10-07 01:04:15,1,4.021
1EJX7YPJ    ,2015-10-08 21:36:18,2015-10-06 18:04:37,6600,AR6E,AR3105    ,9SHP,00000000,0000,A1JF,101010A0A0D2D2    10,   0  0,LF,58,X43B,026201,ARHS36AC,00000000,1,XN,0,0,M5067VX5    ,1,2,1,2015-10-08 22:00:02,2,51.528
1EJX7WSJ    ,2015-10-06 20:06:54,2015-10-06 20:06:49,6600,AR6E,AR3105    ,HX82,00000000,0000,A1JF,151010A0A0D2D2    10,  10  8,LF,58,X431,131200,ARHS36AC,00000000,1,RR,0,0,M5067711    ,1,2,1,2015-10-06 20:29:13,0,0.001
1EJX7YRJ    ,2015-10-06 18:08:45,2015-10-06 18:08:40,6600,AR6E,AR3105    ,HX82,00000000,0000,A1JF,101010A0A0D2D2    10,   0  0,LF,58,X431,131201,ARHS36AC,00000000,1,RR,0,0,M5067V81    ,1,2,1,2015-10-06 18:29:15,0,0.001
1EJX7XSJ    ,2015-10-06 18:08:45,2015-10-06 18:08:40,6600,AR6E,AR3105    ,HX82,00000000,0000,A1JF,151010A0A0A2D2    10,  10  8,LF,58,X431,131200,ARHS36AC,00000000,1,RR,0,0,M5064NP2    ,1,2,1,2015-10-06 18:29:15,0,0.001
1EJXA66J    ,2015-10-06 20:06:55,2015-10-06 20:06:50,6600,AR6E,AR3105    ,HX82,00000000,0000,A1JF,101010A0A0D2D2    10,   0  0,LF,58,X431,131201,ARHS36AC,00000000,1,RR,0,0,M5067WG3    ,1,2,1,2015-10-06 20:29:13,0,0.001
1EJX45LJ    ,2015-10-06 17:07:54,2015-10-06 17:04:25,6600,AR6E,AR4105    ,HXVL,00000000,0000,A1JF,101010A0A0D2A2    10,   0  0,LI,73,X436,163301,ARHS36AC,00000000,1,RR,0,0,M5053C76    ,1,2,1,2015-10-06 17:29:04,0,0.058
1EJWYUPJ    ,2015-10-06 17:26:17,2015-10-06 17:22:49,6600,AR6E,AR4105    ,HXVL,00000000,0000,A1JF,101010A0A0D2A2    10,   0  0,LI,73,X436,163301,ARHS36AC,00000000,1,RR,0,0,M50689H5    ,1,2,1,2015-10-06 17:59:07,0,0.058
1EJX91KJ    ,2015-10-26 09:16:27,2015-10-13 18:01:42,6600,AR6E,AR4105    ,TSCX,00000000,0000,A1JF,101010A0A0A2D2    10,   0  0,LF,58,X435,173200,ARHS36AC,00000000,1,XN,0,0,M50684B6    ,1,2,1,2015-10-26 10:03:42,13,303.246
1EJX913J    ,2015-10-26 04:45:40,2015-10-13 18:27:47,6600,AR6E,AR4105    ,TSCX,00000000,0000,A1JF,151010A0A0D3D2    10,  10  8,LF,58,X438,174300,ARHS36AC,00000000,1,XN,0,0,M5067W26    ,1,2,1,2015-10-26 05:38:36,13,298.298
1EJX910J    ,2015-10-25 23:27:02,2015-10-13 17:54:54,6600,AR6E,AR4105    ,TSCX,00000000,0000,A1JF,151010A0A0D3D2    10,  10  8,LF,58,X435,122600,ARHS36AC,00000000,1,XN,0,0,M5068MR9    ,1,2,1,2015-10-26 00:03:42,12,293.535
1EJX8KWJ    ,2015-10-20 11:08:34,2015-10-13 18:01:42,6600,AR6E,AR3105    ,TSCX,00000000,0000,A1JF,101010A0A0D2D2    10,   0  0,LF,58,X433,022001,ARHS36AC,00000000,1,XN,0,0,M505ZTL1    ,1,2,1,2015-10-20 11:35:16,7,161.114
1EJX915J    ,2015-10-26 04:45:20,2015-10-13 18:10:43,6600,AR6E,AR4105    ,TSCX,00000000,0000,A1JF,151010A0A0A2D2    10,  10  8,LF,58,X433,062000,ARHS36AC,00000000,1,XN,0,0,M5064PH8    ,1,2,1,2015-10-26 05:38:36,13,298.577
1EJX8KYJ    ,2015-10-26 09:39:31,2015-10-13 18:13:49,6600,AR6E,AR3105    ,TSCX,00000000,0000,A1JF,101010A0A0D2D2    10,   0  0,LF,58,X435,023001,ARHS36AC,00000000,1,XN,0,0,M5067LE3    ,1,2,1,2015-10-26 10:03:42,13,303.428
1EJX8SDJ    ,2015-10-20 10:42:09,2015-10-13 17:54:49,6600,AR6E,AR4105    ,TSCX,00000000,0000,A1JF,101010A0A0D2D2    10,   0  0,LF,58,X433,072400,ARHS36AC,00000000,1,XN,0,0,M505ZTF9    ,1,2,1,2015-10-20 11:05:16,7,160.789
1EJX8U8J    ,2015-10-21 14:52:24,2015-10-14 21:29:36,6600,AR6E,AR4105    ,TSCX,00000000,0000,A1JF,101010A0A0D2D2    10,   0  0,LF,58,X43A,145101,ARHS36AC,00000000,1,XN,0,0,M505ZT34    ,1,2,1,2015-10-21 15:36:35,7,161.380
1EJX8VUJ    ,2015-10-26 11:10:31,2015-10-13 18:25:55,6600,AR6E,AR4105    ,TSCX,00000000,0000,A1JF,101010A0A0D2A2    10,   0  0,LF,58,X437,024001,ARHS36AC,00000000,1,XN,0,0,M5066WT1    ,1,2,1,2015-10-26 11:33:44,13,304.743
1EJX91JJ    ,2015-10-20 06:57:44,2015-10-13 18:21:49,6600,AR6E,AR4105    ,TSCX,00000000,0000,A1JF,101010A0A0D3D2    10,   0  0,LF,58,X438,214500,ARHS36AC,00000000,1,XN,0,0,M5068NC7    ,1,2,1,2015-10-20 07:35:15,7,156.598
1EJX90YJ    ,2015-10-26 08:53:34,2015-10-13 18:02:44,6600,AR6E,AR4105    ,TSCX,00000000,0000,A1JF,151010A0A0A2D2    10,  10  8,LF,58,X436,042500,ARHS36AC,00000000,1,XN,0,0,M5064V52    ,1,2,1,2015-10-26 09:38:44,13,302.847
1EJX90UJ    ,2015-10-20 10:08:30,2015-10-13 18:21:49,6600,AR6E,AR4105    ,TSCX,00000000,0000,A1JF,151010A0A0A2D2    10,  10  8,LF,58,X438,214501,ARHS36AC,00000000,1,XN,0,0,M5068588    ,1,2,1,2015-10-20 10:35:18,7,159.778
1EJX91HJ    ,2015-10-20 07:37:36,2015-10-13 18:07:48,6600,AR6E,AR4105    ,TSCX,00000000,0000,A1JF,101010A0A0D3D2    10,   0  0,LF,58,X438,234501,ARHS36AC,00000000,1,XN,0,0,M5068M90    ,1,2,1,2015-10-20 08:10:13,7,157.496
1EJX90NJ    ,2015-10-26 03:49:50,2015-10-13 18:06:41,6600,AR6E,AR4105    ,TSCX,00000000,0000,A1JF,1010154040D2Z2    10,  10  8,LF,58,X433,011800,ARHS36AC,00000000,1,XN,0,0,M5065T88    ,1,2,1,2015-10-26 04:38:36,13,297.719
1EJX91AJ    ,2015-10-20 11:21:26,2015-10-13 18:08:49,6600,AR6E,AR4105    ,TSCX,00000000,0000,A1JF,101010A0A0A2D2    10,   0  0,LF,58,X435,202800,ARHS36AC,00000000,1,XN,0,0,M505WPA7    ,1,2,1,2015-10-20 12:05:18,7,161.210
1EJX8EJJ    ,2015-10-25 23:47:13,2015-10-13 18:03:45,6600,AR6E,AR4105    ,TSCX,00000000,0000,A1JF,151010A0A0D3D2    10,  10  8,LF,58,X435,103401,ARHS36AC,00000000,1,XN,0,0,M505WP23    ,1,2,1,2015-10-26 00:38:42,12,293.724
1EJX8EKJ    ,2015-10-20 06:26:39,2015-10-13 18:00:48,6600,AR6E,AR4105    ,TSCX,00000000,0000,A1JF,151010A0A0D3D2    10,  10  8,LF,58,X438,184301,ARHS36AC,00000000,1,XN,0,0,M50677P0    ,1,2,1,2015-10-20 07:10:14,7,156.431
1EJX8ELJ    ,2015-10-20 09:29:21,2015-10-13 16:28:08,6600,AR6E,AR4105    ,TSCX,00000000,0000,A1JF,151010A0A0A2D2    10,  10  8,LF,58,X43C,076900,ARHS36AC,00000000,1,XN,0,0,M50677H7    ,1,2,1,2015-10-20 10:05:18,7,161.020
1EJX8ENJ    ,2015-10-20 10:56:38,2015-10-13 17:54:21,6600,AR6E,AR4105    ,TSCX,00000000,0000,A1JF,151010A0A0A2D2    10,  10  8,LF,58,X43A,234901,ARHS36AC,00000000,1,XN,0,0,M504PTQ6    ,1,2,1,2015-10-20 11:35:16,7,161.038
1EJX8EPJ    ,2015-10-19 02:46:30,2015-10-13 16:17:08,6600,AR6E,AR4105    ,TSCX,00000000,0000,A1JF,151010A0A0D3D2    10,  10  8,LF,58,X43B,056400,ARHS36AC,00000000,1,XN,0,0,M5068ND1    ,1,2,1,2015-10-19 03:34:44,6,130.489
1EJX8ERJ    ,2015-10-20 10:41:27,2015-10-13 18:08:49,6600,AR6E,AR4105    ,TSCX,00000000,0000,A1JF,151010A0A0A2D2    10,  10  8,LF,58,X435,202801,ARHS36AC,00000000,1,XN,0,0,M5064T49    ,1,2,1,2015-10-20 11:05:16,7,160.544
1EJX8GLJ    ,2015-10-20 07:57:14,2015-10-13 17:37:21,6600,AR6E,AR3105    ,TSCX,00000000,0000,A1JF,151010A0A0A2D2    10,  10  8,LF,58,X43A,014901,ARHS36AC,00000000,1,XN,0,0,M504PVK3    ,1,2,1,2015-10-20 08:35:19,7,158.331
1EJX8GMJ    ,2015-10-26 06:26:54,2015-10-13 18:22:45,6600,AR6E,AR3105    ,TSCX,00000000,0000,A1JF,151010A0A0D2D2    10,  10  8,LF,58,X435,053400,ARHS36AC,00000000,1,XN,0,0,M505X5R2    ,1,2,1,2015-10-26 06:58:46,13,300.069
1EJX8GPJ    ,2015-10-20 10:30:55,2015-10-13 18:19:48,6600,AR6E,AR3105    ,TSCX,00000000,0000,A1JF,151010A0A0D2D2    10,  10  8,LF,58,X435,182800,ARHS36AC,00000000,1,XN,0,0,M505X507    ,1,2,1,2015-10-20 11:05:16,7,160.185
1EJX8GTJ    ,2015-10-20 10:00:52,2015-10-13 16:20:02,6600,AR6E,AR3105    ,TSCX,00000000,0000,A1JF,151010A0A0D2D2    10,  10  8,LF,58,X439,095200,ARHS36AC,00000000,1,XN,0,0,M505ZCL0    ,1,2,1,2015-10-20 10:35:18,7,161.680
1EJX8JTJ    ,2015-10-26 10:13:58,2015-10-13 18:24:45,6600,AR6E,AR3105    ,TSCX,00000000,0000,A1JF,101010A0A0D2D2    10,   0  0,LF,58,X436,022500,ARHS36AC,00000000,1,XN,0,0,M505X556    ,1,2,1,2015-10-26 11:03:46,13,303.820
1EJX8JUJ    ,2015-10-26 10:01:19,2015-10-13 18:15:46,6600,AR6E,AR3105    ,TSCX,00000000,0000,A1JF,101010A0A0D2D2    10,   0  0,LF,58,X434,021500,ARHS36AC,00000000,1,XN,0,0,M50672L0    ,1,2,1,2015-10-26 10:28:48,13,303.759
1EJX8JVJ    ,2015-10-20 11:40:51,2015-10-13 18:28:44,6600,AR6E,AR3105    ,TSCX,00000000,0000,A1JF,101010A0A0D2D2    10,   0  0,LF,58,X437,234200,ARHS36AC,00000000,1,XN,0,0,M505ZD69    ,1,2,1,2015-10-20 12:05:18,7,161.202
1EJX8BNJ    ,2015-10-26 06:45:51,2015-10-13 18:15:46,6600,AR6E,AR3105    ,TSCX,00000000,0000,A1JF,101010A0A0D2D2    10,   0  0,LF,58,X434,021501,ARHS36AC,00000000,1,XN,0,0,M505ZC45    ,1,2,1,2015-10-26 07:38:39,13,300.501
1EJX8JXJ    ,2015-10-20 10:01:28,2015-10-13 18:05:45,6600,AR6E,AR3105    ,TSCX,00000000,0000,A1JF,101010A0A0D2D2    10,   0  0,LF,58,X437,214201,ARHS36AC,00000000,1,XN,0,0,M505WP21    ,1,2,1,2015-10-20 10:35:18,7,159.928
1EJX8BLJ    ,2015-10-20 08:56:14,2015-10-13 16:44:05,6600,AR6E,AR3105    ,TSCX,00000000,0000,A1JF,101010A0A0A2D2    10,   0  0,LF,58,X43C,026501,ARHS36AC,00000000,1,XN,0,0,M50684C7    ,1,2,1,2015-10-20 09:35:27,7,160.202
1EJX8KJJ    ,2015-10-20 10:25:34,2015-10-13 16:44:01,6600,AR6E,AR3105    ,TSCX,00000000,0000,A1JF,101010A0A0D2D2    10,   0  0,LF,58,X43A,015900,ARHS36AC,00000000,1,XN,0,0,M505WPP0    ,1,2,1,2015-10-20 11:05:16,7,161.692
1EJX8KMJ    ,2015-10-20 08:34:48,2015-10-13 16:43:10,6600,AR6E,AR3105    ,TSCX,00000000,0000,A1JF,101010A0A0D2D2    10,   0  0,LF,58,X43B,027200,ARHS36AC,00000000,1,XN,0,0,M505SV96    ,1,2,1,2015-10-20 09:05:20,7,159.860
1EJX8KNJ    ,2015-10-20 08:41:13,2015-10-13 16:34:06,6600,AR6E,AR3105    ,TSCX,00000000,0000,A1JF,101010A0A0D2D2    10,   0  0,LF,58,X43C,226700,ARHS36AC,00000000,1,XN,0,0,M5068HD8    ,1,2,1,2015-10-20 09:05:20,7,160.118
1EJX8KRJ    ,2015-10-20 10:33:00,2015-10-13 18:01:42,6600,AR6E,AR3105    ,TSCX,00000000,0000,A1JF,101010A0A0D2D2    10,   0  0,LF,58,X433,022000,ARHS36AC,00000000,1,XN,0,0,M50673M4    ,1,2,1,2015-10-20 11:05:16,7,160.521
1EJX8KSJ    ,2015-10-26 09:08:50,2015-10-13 18:13:49,6600,AR6E,AR3105    ,TSCX,00000000,0000,A1JF,101010A0A0D2D2    10,   0  0,LF,58,X435,023000,ARHS36AC,00000000,1,XN,0,0,M5067KB6    ,1,2,1,2015-10-26 09:38:44,13,302.917
1EJX8KTJ    ,2015-10-20 08:43:29,2015-10-13 18:01:43,6600,AR6E,AR3105    ,TSCX,00000000,0000,A1JF,101010A0A0D2D2    10,   0  0,LF,58,X432,030501,ARHS36AC,00000000,1,XN,0,0,M505ZV12    ,1,2,1,2015-10-20 09:05:20,7,158.696
1EJX8KUJ    ,2015-10-20 06:42:57,2015-10-13 16:12:10,6600,AR6E,AR3105    ,TSCX,00000000,0000,A1JF,101010A0A0D2D2    10,   0  0,LF,58,X43B,017201,ARHS36AC,00000000,1,XN,0,0,M5068HG4    ,1,2,1,2015-10-20 07:10:15,7,158.513
1EJX8KVJ    ,2015-10-20 09:58:32,2015-10-13 18:01:48,6600,AR6E,AR3105    ,TSCX,00000000,0000,A1JF,101010A0A0D2D2    10,   0  0,LF,58,X435,022800,ARHS36AC,00000000,1,XN,0,0,M5067WF2    ,1,2,1,2015-10-20 10:35:18,7,159.945
1EJX9M7J    ,2015-10-26 07:27:58,2015-10-13 17:54:49,6600,AR6E,AR3105    ,TSCX,00000000,0000,A1JF,101010A0A0D2D2    10,   0  0,LI,16,X435,013001,ARHS36AC,00000000,1,XN,0,0,M505SVK3    ,1,2,1,2015-10-26 08:03:56,13,301.552
1EJX9M9J    ,2015-10-20 06:55:25,2015-10-13 16:45:00,6600,AR6E,AR3105    ,TSCX,00000000,0000,A1JF,101010A0A0A2D2    10,   0  0,LI,16,X437,174600,ARHS36AC,00000000,1,XN,0,0,M5064TX7    ,1,2,1,2015-10-20 07:35:17,7,158.173
1EJX9N1J    ,2015-10-20 12:01:28,2015-10-13 18:18:54,6600,AR6E,AR3105    ,TSCX,00000000,0000,A1JF,101010A0A0A2D2    10,   0  0,LI,16,X435,032600,ARHS36AC,00000000,1,XN,0,0,M5064VA9    ,1,2,1,2015-10-20 12:30:19,7,161.709
1EJX9N3J    ,2015-10-20 10:45:22,2015-10-13 18:28:44,6600,AR6E,AR3105    ,TSCX,00000000,0000,A1JF,101010A0A0A2D2    10,   0  0,LI,16,X437,234201,ARHS36AC,00000000,1,XN,0,0,M5064VC3    ,1,2,1,2015-10-20 11:35:16,7,160.277
1EJX9NEJ    ,2015-10-20 07:33:47,2015-10-13 16:39:08,6600,AR6E,AR3105    ,TSCX,00000000,0000,A1JF,101010A0A0D2D2    10,   0  0,LI,16,X43C,196900,ARHS36AC,00000000,1,XN,0,0,M505ZCT5    ,1,2,1,2015-10-20 08:10:13,7,158.911
1EJX9NKJ    ,2015-10-26 08:37:41,2015-10-13 18:22:45,6600,AR6E,AR3105    ,TSCX,00000000,0000,A1JF,101010A0A0D2D2    10,   0  0,LI,16,X435,053401,ARHS36AC,00000000,1,XN,0,0,M505ZCH5    ,1,2,1,2015-10-26 09:04:11,13,302.249
1EJX9PKJ    ,2015-10-19 03:25:20,2015-10-13 17:55:45,6600,AR6E,AR4105    ,TSCX,00000000,0000,A1JF,101010A0A0D3D2    10,   0  0,LI,16,X431,141201,ARHS36AC,00000000,1,XN,0,0,M50676Z0    ,1,2,1,2015-10-19 04:04:47,6,129.493
1EJX9SVJ    ,2015-10-26 04:41:28,2015-10-13 18:07:53,6600,AR6E,AR3105    ,TSCX,00000000,0000,A1JF,101010A0A0A2D2    10,   0  0,LI,16,X438,033900,ARHS36AC,00000000,1,XN,0,0,M5064TB3    ,1,2,1,2015-10-26 05:18:38,13,298.559
1EJX9UNJ    ,2015-10-20 05:45:50,2015-10-13 18:10:53,6600,AR6E,AR3105    ,TSCX,00000000,0000,A1JF,101010A0A0D3D2    10,   0  0,LI,16,X438,013900,ARHS36AC,00000000,1,XN,0,0,M5066G51    ,1,2,1,2015-10-20 06:35:10,7,155.582
1EJXA65J    ,2015-10-20 11:04:21,2015-10-13 18:01:43,6600,AR6E,AR3105    ,TSCX,00000000,0000,A1JF,101010A0A0D2D2    10,   0  0,LF,58,X432,030500,ARHS36AC,00000000,1,XN,0,0,M505ZC81    ,1,2,1,2015-10-20 11:35:16,7,161.044
1EJXA67J    ,2015-10-20 10:37:23,2015-10-13 18:11:48,6600,AR6E,AR3105    ,TSCX,00000000,0000,A1JF,101010A0A0D2D2    10,   0  0,LF,58,X435,012801,ARHS36AC,00000000,1,XN,0,0,M5067W16    ,1,2,1,2015-10-20 11:05:16,7,160.426
1EJXA68J    ,2015-10-20 09:39:56,2015-10-13 18:04:47,6600,AR6E,AR3105    ,TSCX,00000000,0000,A1JF,101010A0A0D2D2    10,   0  0,LF,58,X438,104500,ARHS36AC,00000000,1,XN,0,0,M505STW3    ,1,2,1,2015-10-20 10:05:18,7,159.586
1EJXA6BJ    ,2015-10-20 08:02:32,2015-10-13 16:36:08,6600,AR6E,AR3105    ,TSCX,00000000,0000,A1JF,101010A0A0D2D2    10,   0  0,LF,58,X43C,017101,ARHS36AC,00000000,1,XN,0,0,M5068GT3    ,1,2,1,2015-10-20 08:35:19,7,159.440
1EJXA6GJ    ,2015-10-20 08:57:34,2015-10-13 18:05:47,6600,AR6E,AR3105    ,TSCX,00000000,0000,A1JF,101010A0A0D2D2    10,   0  0,LF,58,X434,031501,ARHS36AC,00000000,1,XN,0,0,M505STW4    ,1,2,1,2015-10-20 09:35:27,7,158.863
1EJXA6MJ    ,2015-10-20 12:02:34,2015-10-13 18:15:49,6600,AR6E,AR3105    ,TSCX,00000000,0000,A1JF,101010A0A0D2D2    10,   0  0,LF,58,X435,032800,ARHS36AC,00000000,1,XN,0,0,M505ZT56    ,1,2,1,2015-10-20 12:30:19,7,161.779
1EJXA6NJ    ,2015-10-20 08:17:12,2015-10-13 16:11:03,6600,AR6E,AR3105    ,TSCX,00000000,0000,A1JF,101010A0A0D2D2    10,   0  0,LF,58,X439,015200,ARHS36AC,00000000,1,XN,0,0,M505ZD40    ,1,2,1,2015-10-20 09:05:19,7,160.102
1EJXA6RJ    ,2015-10-20 09:00:51,2015-10-13 16:35:08,6600,AR6E,AR3105    ,TSCX,00000000,0000,A1JF,101010A0A0D2D2    10,   0  0,LF,58,X43C,026901,ARHS36AC,00000000,1,XN,0,0,M50672R4    ,1,2,1,2015-10-20 09:35:27,7,160.428
1EJXA6TJ    ,2015-10-20 08:18:26,2015-10-13 16:22:03,6600,AR6E,AR3105    ,TSCX,00000000,0000,A1JF,101010A0A0D2D2    10,   0  0,LF,58,X439,015401,ARHS36AC,00000000,1,XN,0,0,M5068HL2    ,1,2,1,2015-10-20 09:05:20,7,159.939
1EJXA6UJ    ,2015-10-20 08:47:45,2015-10-13 16:36:08,6600,AR6E,AR3105    ,TSCX,00000000,0000,A1JF,101010A0A0D2D2    10,   0  0,LF,58,X43C,017100,ARHS36AC,00000000,1,XN,0,0,M505SV45    ,1,2,1,2015-10-20 09:35:27,7,160.193
1EJXA71J    ,2015-10-20 08:45:56,2015-10-13 16:35:08,6600,AR6E,AR3105    ,TSCX,00000000,0000,A1JF,101010A0A0D2D2    10,   0  0,LF,58,X43C,026900,ARHS36AC,00000000,1,XN,0,0,M5067VF5    ,1,2,1,2015-10-20 09:35:27,7,160.180
1EJXA72J    ,2015-10-26 08:48:56,2015-10-13 18:24:45,6600,AR6E,AR3105    ,TSCX,00000000,0000,A1JF,101010A0A0D2D2    10,   0  0,LF,58,X436,022501,ARHS36AC,00000000,1,XN,0,0,M505ZTN0    ,1,2,1,2015-10-26 09:38:44,13,302.403
1EJXA73J    ,2015-10-20 11:27:52,2015-10-13 18:10:41,6600,AR6E,AR3105    ,TSCX,00000000,0000,A1JF,101010A0A0D2D2    10,   0  0,LF,58,X432,090901,ARHS36AC,00000000,1,XN,0,0,M5067VR1    ,1,2,1,2015-10-20 12:05:19,7,161.286
1EJXA75J    ,2015-10-20 11:59:10,2015-10-13 18:01:48,6600,AR6E,AR3105    ,TSCX,00000000,0000,A1JF,101010A0A0D2D2    10,   0  0,LF,58,X435,022801,ARHS36AC,00000000,1,XN,0,0,M5067KY5    ,1,2,1,2015-10-20 12:30:19,7,161.956
1EJXA7GJ    ,2015-10-26 07:31:54,2015-10-13 18:07:53,6600,AR6E,AR3105    ,TSCX,00000000,0000,A1JF,101010A0A0D2D2    10,   0  0,LF,58,X438,033901,ARHS36AC,00000000,1,XN,0,0,M505WJ66    ,1,2,1,2015-10-26 08:03:57,13,301.400
1EJXA7MJ    ,2015-10-20 10:12:29,2015-10-13 18:15:49,6600,AR6E,AR3105    ,TSCX,00000000,0000,A1JF,101010A0A0D2D2    10,   0  0,LF,58,X435,032801,ARHS36AC,00000000,1,XN,0,0,M505ZC01    ,1,2,1,2015-10-20 10:35:18,7,159.944
1EJXA7PJ    ,2015-10-20 09:36:55,2015-10-13 18:05:43,6600,AR6E,AR3105    ,TSCX,00000000,0000,A1JF,101010A0A0D2D2    10,   0  0,LF,58,X435,013201,ARHS36AC,00000000,1,XN,0,0,M5068GC0    ,1,2,1,2015-10-20 10:05:18,7,159.520
1EJX91LJ    ,2015-10-20 10:27:06,2015-10-13 18:25:47,6600,AR6E,AR4105    ,TSCX,00000000,0000,A1JF,151010A0A0A2D2    10,  10  8,LF,58,X434,132100,ARHS36AC,00000000,1,XN,0,0,M50685G1    ,1,2,1,2015-10-20 11:05:16,7,160.022
1EJX91NJ    ,2015-10-19 02:30:49,2015-10-13 16:31:09,6600,AR6E,AR4105    ,TSCX,00000000,0000,A1JF,151010A0A0D3D2    10,  10  8,LF,58,X43B,176800,ARHS36AC,00000000,1,XN,0,0,M50677M4    ,1,2,1,2015-10-19 03:04:52,6,129.994
1EJX91PJ    ,2015-10-20 06:27:52,2015-10-13 16:31:09,6600,AR6E,AR4105    ,TSCX,00000000,0000,A1JF,151010A0A0D3D2    10,  10  8,LF,58,X43B,176801,ARHS36AC,00000000,1,XN,0,0,M505SVY2    ,1,2,1,2015-10-20 07:10:14,7,157.945
1EJX91VJ    ,2015-10-26 07:14:33,2015-10-13 18:10:34,6600,AR6E,AR4105    ,TSCX,00000000,0000,A1JF,151010A0A0A2D2    10,  10  8,LF,58,X434,141300,ARHS36AC,00000000,1,XN,0,0,M5064TM0    ,1,2,1,2015-10-26 08:03:57,13,301.066
1EJX91XJ    ,2015-10-20 06:33:46,2015-10-13 16:28:06,6600,AR6E,AR4105    ,TSCX,00000000,0000,A1JF,151010A0A0D3D2    10,  10  8,LF,58,X43C,106700,ARHS36AC,00000000,1,XN,0,0,M5068MS9    ,1,2,1,2015-10-20 07:10:14,7,158.094
1EJX922J    ,2015-10-20 08:27:04,2015-10-13 18:25:47,6600,AR6E,AR4105    ,TSCX,00000000,0000,A1JF,151010A0A0D3D2    10,  10  8,LF,58,X434,132101,ARHS36AC,00000000,1,XN,0,0,M5068M58    ,1,2,1,2015-10-20 09:05:20,7,158.021
1EJX925J    ,2015-10-20 07:07:59,2015-10-13 16:28:06,6600,AR6E,AR4105    ,TSCX,00000000,0000,A1JF,151010A0A0D3D2    10,  10  8,LF,58,X43C,106701,ARHS36AC,00000000,1,XN,0,0,M5067808    ,1,2,1,2015-10-20 07:35:15,7,158.664
1EJX928J    ,2015-10-26 11:52:54,2015-10-13 18:27:47,6600,AR6E,AR4105    ,TSCX,00000000,0000,A1JF,151010A0A0A2D2    10,  10  8,LF,58,X438,174301,ARHS36AC,00000000,1,XN,0,0,M5064V44    ,1,2,1,2015-10-26 12:33:45,13,305.418
1EJX929J    ,2015-10-26 03:46:05,2015-10-13 18:01:42,6600,AR6E,AR4105    ,TSCX,00000000,0000,A1JF,151010A0A0D3D2    10,  10  8,LF,58,X435,173201,ARHS36AC,00000000,1,XN,0,0,M5067714    ,1,2,1,2015-10-26 04:38:36,13,297.739
1EJX92AJ    ,2015-10-20 11:24:12,2015-10-13 16:37:00,6600,AR6E,AR4105    ,TSCX,00000000,0000,A1JF,151010A0A0A2D2    10,  10  8,LF,58,X437,164601,ARHS36AC,00000000,1,XN,0,0,M5069L88    ,1,2,1,2015-10-20 12:05:19,7,162.786
1EJX92BJ    ,2015-10-20 08:57:27,2015-10-13 16:37:00,6600,AR6E,AR4105    ,TSCX,00000000,0000,A1JF,151010A0A0A2D2    10,  10  8,LF,58,X437,164600,ARHS36AC,00000000,1,XN,0,0,M5064TV8    ,1,2,1,2015-10-20 09:35:27,7,160.341
1EJX92EJ    ,2015-10-20 07:57:38,2015-10-13 18:00:48,6600,AR6E,AR4105    ,TSCX,00000000,0000,A1JF,151010A0A0D3D2    10,  10  8,LF,58,X438,184300,ARHS36AC,00000000,1,XN,0,0,M505WPJ4    ,1,2,1,2015-10-20 08:35:19,7,157.947
1EJX92GJ    ,2015-10-26 04:23:30,2015-10-13 17:54:54,6600,AR6E,AR4105    ,TSCX,00000000,0000,A1JF,151010A0A0A2D2    10,  10  8,LF,58,X435,122601,ARHS36AC,00000000,1,XN,0,0,M5064V81    ,1,2,1,2015-10-26 05:18:38,13,298.476
1EJX92JJ    ,2015-10-20 13:22:01,2015-10-13 18:14:41,6600,AR6E,AR4105    ,TSCX,00000000,0000,A1JF,151010A0A0A2D2    10,  10  8,LF,58,X433,211800,ARHS36AC,00000000,1,XN,0,0,M504PV45    ,1,2,1,2015-10-20 14:05:23,7,163.122
1EJX92KJ    ,2015-10-26 03:28:44,2015-10-13 18:29:43,6600,AR6E,AR4105    ,TSCX,00000000,0000,A1JF,151010A0A0D3D2    10,  10  8,LF,58,X434,161900,ARHS36AC,00000000,1,XN,0,0,M50677L3    ,1,2,1,2015-10-26 04:13:40,13,296.983
1EJX92LJ    ,2015-10-26 04:07:47,2015-10-13 18:29:43,6600,AR6E,AR4105    ,TSCX,00000000,0000,A1JF,151010A0A0D3D2    10,  10  8,LF,58,X434,161901,ARHS36AC,00000000,1,XN,0,0,M505WPL3    ,1,2,1,2015-10-26 04:38:36,13,297.634
1EJX92MJ    ,2015-10-20 08:57:43,2015-10-13 18:10:41,6600,AR6E,AR4105    ,TSCX,00000000,0000,A1JF,151010A0A0D3D2    10,  10  8,LF,58,X432,230100,ARHS36AC,00000000,1,XN,0,0,M505WQ49    ,1,2,1,2015-10-20 09:35:27,7,158.784
1EJX92TJ    ,2015-10-20 13:22:06,2015-10-13 18:14:41,6600,AR6E,AR4105    ,TSCX,00000000,0000,A1JF,151010A0A0A2D2    10,  10  8,LF,58,X433,211801,ARHS36AC,00000000,1,XN,0,0,M5064VK2    ,1,2,1,2015-10-20 14:05:23,7,163.123
1EJX956J    ,2015-10-20 10:20:18,2015-10-13 16:33:02,6600,AR6E,AR3105    ,TSCX,00000000,0000,A1JF,101010A0A0A2D2    10,   0  0,LF,58,X439,175000,ARHS36AC,00000000,1,XN,0,0,M5064VB1    ,1,2,1,2015-10-20 11:05:16,7,161.788
1EJX958J    ,2015-10-20 09:58:06,2015-10-13 18:18:54,6600,AR6E,AR3105    ,TSCX,00000000,0000,A1JF,101010A0A0D2D2    10,   0  0,LF,58,X435,032601,ARHS36AC,00000000,1,XN,0,0,M505ZBR4    ,1,2,1,2015-10-20 10:35:18,7,159.653
1EJX95AJ    ,2015-10-20 08:41:51,2015-10-13 16:15:08,6600,AR6E,AR3105    ,TSCX,00000000,0000,A1JF,101010A0A0A2D2    10,   0  0,LF,58,X43B,166600,ARHS36AC,00000000,1,XN,0,0,M50684P7    ,1,2,1,2015-10-20 09:05:20,7,160.445
1EJX95BJ    ,2015-10-26 06:51:19,2015-10-13 18:10:44,6600,AR6E,AR3105    ,TSCX,00000000,0000,A1JF,101010A0A0D2D2    10,   0  0,LF,58,X432,010500,ARHS36AC,00000000,1,XN,0,0,M505SVN5    ,1,2,1,2015-10-26 07:38:39,13,300.676
1EJX95DJ    ,2015-10-20 11:37:26,2015-10-13 18:05:45,6600,AR6E,AR3105    ,TSCX,00000000,0000,A1JF,101010A0A0D2D2    10,   0  0,LF,58,X437,214200,ARHS36AC,00000000,1,XN,0,0,M505ZBT8    ,1,2,1,2015-10-20 12:05:19,7,161.528
1EJX97AJ    ,2015-10-20 07:59:35,2015-10-13 16:18:03,6600,AR6E,AR3105    ,TSCX,00000000,0000,A1JF,101010A0A0D2D2    10,   0  0,LF,58,X43C,016100,ARHS36AC,00000000,1,XN,0,0,M505X627    ,1,2,1,2015-10-20 08:35:19,7,159.692
1EJX9L3J    ,2015-10-20 10:07:17,2015-10-13 18:21:37,6600,AR6E,AR3105    ,TSCX,00000000,0000,A1JF,101010A0A0A2D2    10,   0  0,LI,16,X432,011100,ARHS36AC,00000000,1,XN,0,0,M5064VH2    ,1,2,1,2015-10-20 10:35:18,7,159.761
1EJX9LSJ    ,2015-10-20 08:14:26,2015-10-13 16:39:08,6600,AR6E,AR3105    ,TSCX,00000000,0000,A1JF,101010A0A0D2D2    10,   0  0,LI,16,X43C,196901,ARHS36AC,00000000,1,XN,0,0,M505STW7    ,1,2,1,2015-10-20 09:05:20,7,159.588
1EJX41RJ    ,2015-10-20 09:36:52,2015-10-13 16:20:07,6600,AR6E,AR4105    ,TSCX,00000000,0000,A1JF,101010A0A0D2D2    10,   0  0,LI,73,X43C,036700,ARHS36AC,00000000,1,XN,0,0,M504PVK1    ,1,2,1,2015-10-20 10:05:18,7,161.279
1EJX421J    ,2015-10-20 10:04:28,2015-10-13 16:27:10,6600,AR6E,AR4105    ,TSCX,00000000,0000,A1JF,101010A0A0D2D2    10,   0  0,LI,73,X43B,027000,ARHS36AC,00000000,1,XN,0,0,M504PVG3    ,1,2,1,2015-10-20 10:35:18,7,161.621
1EJX423J    ,2015-10-20 12:00:32,2015-10-13 18:14:47,6600,AR6E,AR4105    ,TSCX,00000000,0000,A1JF,101010A0A0D2D2    10,   0  0,LI,73,X438,014300,ARHS36AC,00000000,1,XN,0,0,M504PTE9    ,1,2,1,2015-10-20 12:30:19,7,161.762
1EJX42UJ    ,2015-10-20 09:09:24,2015-10-13 18:17:57,6600,AR6E,AR4105    ,TSCX,00000000,0000,A1JF,101010A0A0D2D2    10,   0  0,LI,73,X438,134700,ARHS36AC,00000000,1,XN,0,0,M505SW54    ,1,2,1,2015-10-20 09:35:27,7,158.857
1EJX42VJ    ,2015-10-26 06:47:46,2015-10-13 18:02:41,6600,AR6E,AR4105    ,TSCX,00000000,0000,A1JF,101010A0A0D2A2    10,   0  0,LI,73,X431,220200,ARHS36AC,00000000,1,XN,0,0,M50673Z3    ,1,2,1,2015-10-26 07:38:39,13,300.751
1EJX42XJ    ,2015-10-21 15:01:51,2015-10-14 21:29:36,6600,AR6E,AR4105    ,TSCX,00000000,0000,A1JF,101010A0A0D2D2    10,   0  0,LI,73,X43A,145100,ARHS36AC,00000000,1,XN,0,0,M505WN18    ,1,2,1,2015-10-21 15:36:35,7,161.537
1EJX446J    ,2015-10-20 11:56:15,2015-10-13 18:17:57,6600,AR6E,AR4105    ,TSCX,00000000,0000,A1JF,101010A0A0D2A2    10,   0  0,LI,73,X438,134701,ARHS36AC,00000000,1,XN,0,0,M5068485    ,1,2,1,2015-10-20 12:30:19,7,161.638
1EJX447J    ,2015-10-20 09:47:48,2015-10-13 18:06:44,6600,AR6E,AR4105    ,TSCX,00000000,0000,A1JF,101010A0A0D2A2    10,   0  0,LI,73,X438,024101,ARHS36AC,00000000,1,XN,0,0,M5067NT2    ,1,2,1,2015-10-20 10:35:18,7,159.684
1EJX44AJ    ,2015-10-20 10:26:20,2015-10-13 18:09:04,6600,AR6E,AR4105    ,TSCX,00000000,0000,A1JF,101010A0A0D2A2    10,   0  0,LI,73,X434,232301,ARHS36AC,00000000,1,XN,0,0,M50688R8    ,1,2,1,2015-10-20 11:05:16,7,160.288
1EJX44BJ    ,2015-10-20 09:52:46,2015-10-13 18:20:43,6600,AR6E,AR4105    ,TSCX,00000000,0000,A1JF,101010A0A0D2D2    10,   0  0,LI,73,X431,080600,ARHS36AC,00000000,1,XN,0,0,M505SVZ3    ,1,2,1,2015-10-20 10:35:18,7,159.534
1EJX45KJ    ,2015-10-20 10:15:35,2015-10-13 18:14:47,6600,AR6E,AR4105    ,TSCX,00000000,0000,A1JF,101010A0A0D2D2    10,   0  0,LI,73,X438,014301,ARHS36AC,00000000,1,XN,0,0,M505STZ8    ,1,2,1,2015-10-20 11:05:16,7,160.013
1EJX45PJ    ,2015-10-20 07:54:23,2015-10-13 16:21:59,6600,AR6E,AR4105    ,TSCX,00000000,0000,A1JF,101010A0A0D2D2    10,   0  0,LI,73,X437,214600,ARHS36AC,00000000,1,XN,0,0,M505SVS7    ,1,2,1,2015-10-20 08:35:19,7,159.540
1EJX460J    ,2015-10-20 07:28:12,2015-10-13 16:21:59,6600,AR6E,AR4105    ,TSCX,00000000,0000,A1JF,101010A0A0D2D2    10,   0  0,LI,73,X437,214601,ARHS36AC,00000000,1,XN,0,0,M505SV49    ,1,2,1,2015-10-20 08:10:13,7,159.103
1EJX461J    ,2015-10-26 08:32:40,2015-10-13 17:57:21,6600,AR6E,AR4105    ,TSCX,00000000,0000,A1JF,101010A0A0D2D2    10,   0  0,LI,73,X43A,214900,ARHS36AC,00000000,1,XN,0,0,M504PVB8    ,1,2,1,2015-10-26 09:04:11,13,302.588
1EJX465J    ,2015-10-26 08:32:01,2015-10-13 17:57:21,6600,AR6E,AR4105    ,TSCX,00000000,0000,A1JF,101010A0A0D2D2    10,   0  0,LI,73,X43A,214901,ARHS36AC,00000000,1,XN,0,0,M505ZTQ9    ,1,2,1,2015-10-26 09:04:11,13,302.578
1EJX46WJ    ,2015-10-20 08:51:13,2015-10-13 16:20:01,6600,AR6E,AR4105    ,TSCX,00000000,0000,A1JF,101010A0A0D2A2    10,   0  0,LI,73,X439,135000,ARHS36AC,00000000,1,XN,0,0,M50667M4    ,1,2,1,2015-10-20 09:35:27,7,160.520
1EJX46YJ    ,2015-10-20 13:24:13,2015-10-13 18:06:44,6600,AR6E,AR4105    ,TSCX,00000000,0000,A1JF,101010A0A0D2D2    10,   0  0,LI,73,X438,024100,ARHS36AC,00000000,1,XN,0,0,M505SV64    ,1,2,1,2015-10-20 14:05:23,7,163.291
1EJX476J    ,2015-10-20 10:21:29,2015-10-13 16:29:59,6600,AR6E,AR4105    ,TSCX,00000000,0000,A1JF,101010A0A0D2D2    10,   0  0,LI,73,X437,114600,ARHS36AC,00000000,1,XN,0,0,M505SVX3    ,1,2,1,2015-10-20 11:05:16,7,161.858
1EJX47KJ    ,2015-10-20 10:24:22,2015-10-13 18:07:47,6600,AR6E,AR4105    ,TSCX,00000000,0000,A1JF,101010A0A0D2D2    10,   0  0,LI,73,X438,234500,ARHS36AC,00000000,1,XN,0,0,M505WH92    ,1,2,1,2015-10-20 11:05:16,7,160.276
1EJX48PJ    ,2015-10-20 11:42:49,2015-10-13 18:05:46,6600,AR6E,AR3105    ,TSCX,00000000,0000,A1JF,101010A0A0A2D2    10,   0  0,LI,16,X434,031500,ARHS36AC,00000000,1,XN,0,0,M5064VG1    ,1,2,1,2015-10-20 12:05:19,7,161.617
1EJX4AWJ    ,2015-10-20 11:53:15,2015-10-13 18:10:41,6600,AR6E,AR3105    ,TSCX,00000000,0000,A1JF,101010A0A0D2D2    10,   0  0,LI,16,X432,090900,ARHS36AC,00000000,1,XN,0,0,M5064VL1    ,1,2,1,2015-10-20 12:30:19,7,161.709
1EJX4AZJ    ,2015-10-21 14:21:18,2015-10-14 21:33:25,6600,AR6E,AR3105    ,TSCX,00000000,0000,A1JF,101010A0A0A2D2    10,   0  0,LI,16,X436,033300,ARHS36AC,00000000,1,XN,0,0,M5067Q84    ,1,2,1,2015-10-21 15:01:52,7,160.798
1EJX4B4J    ,2015-10-20 10:30:20,2015-10-13 18:04:43,6600,AR6E,AR3105    ,TSCX,00000000,0000,A1JF,101010A0A0A2D2    10,   0  0,LI,16,X434,011901,ARHS36AC,00000000,1,XN,0,0,M5067YL0    ,1,2,1,2015-10-20 11:05:16,7,160.427
1EJX4B7J    ,2015-10-20 10:54:46,2015-10-13 18:28:44,6600,AR6E,AR3105    ,TSCX,00000000,0000,A1JF,101010A0A0A2D2    10,   0  0,LI,16,X436,082501,ARHS36AC,00000000,1,XN,0,0,M5068SA9    ,1,2,1,2015-10-20 11:35:16,7,160.434
1EJWV1NJ    ,2015-10-23 22:48:15,2015-10-17 06:16:21,6600,AR6E,AR4105    ,TSCX,00000000,0000,A1JF,101010A040D2D2    10,   0  0,LI,73,X436,203101,ARHS36AC,00000000,1,XN,0,0,M5051M30    ,1,2,1,2015-10-23 23:32:32,6,160.531
1EJWVKJJ    ,2015-10-24 00:39:02,2015-10-17 06:16:21,6600,AR6E,AR4105    ,TSCX,00000000,0000,A1JF,101010A0A0D2D2    10,   0  0,LI,15,X436,203100,ARHS36AC,00000000,1,XN,0,0,M505YBF8    ,1,2,1,2015-10-24 00:57:35,7,162.378
1EJWVKZJ    ,2015-10-20 08:15:38,2015-10-13 17:54:49,6600,AR6E,AR4105    ,TSCX,00000000,0000,A1JF,101010A0A0D2D2    10,   0  0,LI,73,X433,072401,ARHS36AC,00000000,1,XN,0,0,M5064PS6    ,1,2,1,2015-10-20 09:05:20,7,158.347
1EJWWRTJ    ,2015-10-20 09:25:40,2015-10-13 18:09:04,6600,AR6E,AR4105    ,TSCX,00000000,0000,A1JF,101010A040D2D2    10,   0  0,LI,73,X434,232300,ARHS36AC,00000000,1,XN,0,0,M5064FD2    ,1,2,1,2015-10-20 10:05:18,7,159.276
1EJWX7PJ    ,2015-10-20 11:18:06,2015-10-13 18:00:46,6600,AR6E,AR4105    ,TSCX,00000000,0000,A1JF,101010A0A0D2D2    10,   0  0,LI,73,X434,041701,ARHS36AC,00000000,1,XN,0,0,M505Z4K9    ,1,2,1,2015-10-20 12:05:18,7,161.289
1EJWXB7J    ,2015-10-26 10:28:24,2015-10-13 18:06:41,6600,AR6E,AR4105    ,TSCX,00000000,0000,A1JF,101010A0A0D2D2    10,   0  0,LI,73,X433,011801,ARHS36AC,00000000,1,XN,0,0,M50618E9    ,1,2,1,2015-10-26 11:03:46,13,304.362
1EJWXBHJ    ,2015-10-20 10:16:27,2015-10-13 16:20:01,6600,AR6E,AR4105    ,TSCX,00000000,0000,A1JF,101010A0A0D2D2    10,   0  0,LI,73,X439,135001,ARHS36AC,00000000,1,XN,0,0,M505QTA2    ,1,2,1,2015-10-20 11:05:16,7,161.940
1EJWXGDJ    ,2015-10-26 09:20:20,2015-10-13 18:15:45,6600,AR6E,AR4105    ,TSCX,00000000,0000,A1JF,101010A0A0D2D2    10,   0  0,LI,73,X431,031200,ARHS36AC,00000000,1,XN,0,0,M505TRP1    ,1,2,1,2015-10-26 10:03:42,13,303.076
1EJWYAWJ    ,2015-10-26 10:12:12,2015-10-13 18:20:50,6600,AR6E,AR4105    ,TSCX,00000000,0000,A1JF,101010A0A0D2D2    10,   0  0,LI,15,X433,232401,ARHS36AC,00000000,1,XN,0,0,M504SZ77    ,1,2,1,2015-10-26 10:28:48,13,303.856
1EJWYK7J    ,2015-10-20 10:42:30,2015-10-13 18:00:46,6600,AR6E,AR4105    ,TSCX,00000000,0000,A1JF,151010A0A0D2D2    10,  10  8,LI,15,X434,041700,ARHS36AC,00000000,1,XN,0,0,M5069V53    ,1,2,1,2015-10-20 11:05:16,7,160.695
1EJWYLRJ    ,2015-10-20 10:57:56,2015-10-13 18:10:42,6600,AR6E,AR4105    ,TSCX,00000000,0000,A1JF,101010A0A0D2D2    10,   0  0,LI,73,X432,230101,ARHS36AC,00000000,2,XN,0,0,M505WCT9    ,1,2,1,2015-10-20 11:35:16,7,160.787
1EJWYT1J    ,2015-10-20 09:47:26,2015-10-13 18:20:43,6600,AR6E,AR4105    ,TSCX,00000000,0000,A1JF,101010A0A0D2A2    10,   0  0,LI,73,X431,080601,ARHS36AC,00000000,1,XN,0,0,M5068RW7    ,1,2,1,2015-10-20 10:35:18,7,159.445
1EJWYT7J    ,2015-10-20 18:12:08,2015-10-13 16:27:10,6600,AR6E,AR4105    ,TSCX,00000000,0000,A1JF,101010A0A0D2D2    10,   0  0,LI,73,X43B,027001,ARHS36AC,00000000,1,XN,0,0,M505WHR3    ,1,2,1,2015-10-20 18:35:30,7,169.749
1EJWYT8J    ,2015-10-20 09:52:11,2015-10-13 16:12:59,6600,AR6E,AR4105    ,TSCX,00000000,0000,A1JF,101010A0A0D2D2    10,   0  0,LI,73,X43A,065500,ARHS36AC,00000000,1,XN,0,0,M505SV88    ,1,2,1,2015-10-20 10:35:18,7,161.653
1EJWYW5J    ,2015-10-20 10:41:20,2015-10-13 17:54:21,6600,AR6E,AR4105    ,TSCX,00000000,0000,A1JF,101010A0A0D2A2    10,   0  0,LI,73,X43A,234900,ARHS36AC,00000000,1,XN,0,0,M50689W2    ,1,2,1,2015-10-20 11:05:16,7,160.783
1EJWYXJJ    ,2015-10-26 08:50:07,2015-10-13 18:10:34,6600,AR6E,AR4105    ,TSCX,00000000,0000,A1JF,101010A0A0D2A2    10,   0  0,LI,73,X434,141301,ARHS36AC,00000000,1,XN,0,0,M5068474    ,1,2,1,2015-10-26 09:38:44,13,302.659
1EJWYYYJ    ,2015-10-22 15:54:08,2015-10-15 23:25:17,6600,AR6E,AR4105    ,TSCX,00000000,0000,A1JF,101010A0A0D2D2    10,   0  0,LI,73,X437,033800,ARHS36AC,00000000,1,XN,0,0,M505ZTC2    ,1,2,1,2015-10-22 16:36:57,7,160.481
1EJWYZDJ    ,2015-10-20 10:01:17,2015-10-13 16:15:10,6600,AR6E,AR4105    ,TSCX,00000000,0000,A1JF,101010A0A0D2D2    10,   0  0,LI,73,X43B,237200,ARHS36AC,00000000,1,XN,0,0,M505SV66    ,1,2,1,2015-10-20 10:35:18,7,161.768
1EJWZ02J    ,2015-10-26 11:27:03,2015-10-13 18:25:55,6600,AR6E,AR4105    ,TSCX,00000000,0000,A1JF,101010A0A0D2D2    10,   0  0,LI,73,X437,024000,ARHS36AC,00000000,1,XN,0,0,M505SV77    ,1,2,1,2015-10-26 12:03:45,13,305.019
1EJWZ0HJ    ,2015-10-26 07:52:23,2015-10-13 18:20:50,6600,AR6E,AR4105    ,TSCX,00000000,0000,A1JF,101010A0A0D2D2    10,   0  0,LI,73,X433,232400,ARHS36AC,00000000,1,XN,0,0,M505WPX1    ,1,2,1,2015-10-26 08:33:58,13,301.526
1EJWZ1LJ    ,2015-10-20 09:47:49,2015-10-13 16:17:08,6600,AR6E,AR4105    ,TSCX,00000000,0000,A1JF,101010A0A0D2D2    10,   0  0,LI,73,X43B,056401,ARHS36AC,00000000,1,XN,0,0,M5064PJ7    ,1,2,1,2015-10-20 10:35:18,7,161.511
1EJWZ46J    ,2015-10-20 09:06:08,2015-10-13 16:15:10,6600,AR6E,AR4105    ,TSCX,00000000,0000,A1JF,101010A0A0D2D2    10,   0  0,LI,73,X43B,237201,ARHS36AC,00000000,1,XN,0,0,M5064PS7    ,1,2,1,2015-10-20 09:35:28,7,160.849
1EJWZ49J    ,2015-10-26 09:35:24,2015-10-13 18:15:45,6600,AR6E,AR4105    ,TSCX,00000000,0000,A1JF,101010A0A0D2D2    10,   0  0,LI,73,X431,031201,ARHS36AC,00000000,1,XN,0,0,M505WPZ7    ,1,2,1,2015-10-26 10:03:42,13,303.327
1EJX2EVJ    ,2015-10-22 17:03:19,2015-10-15 23:25:17,6600,AR6E,AR4105    ,TSCX,00000000,0000,A1JF,101010A0A0D2D2    10,   0  0,LF,04,X437,033801,ARHS36AC,00000000,1,XN,0,0,M506F414    ,1,2,1,2015-10-22 17:37:00,7,161.634
1EJX2G9J    ,2015-10-20 08:54:25,2015-10-13 16:12:59,6600,AR6E,AR4105    ,TSCX,00000000,0000,A1JF,101010A0A0D2D2    10,   0  0,LF,04,X43A,065501,ARHS36AC,00000000,1,XN,0,0,M506BZC4    ,1,2,1,2015-10-20 09:35:28,7,160.690
1EJX7WXJ    ,2015-10-20 08:56:36,2015-10-13 16:15:08,6600,AR6E,AR3105    ,TSCX,00000000,0000,A1JF,151010A0A0D2D2    10,  10  8,LF,58,X43B,166601,ARHS36AC,00000000,1,XN,0,0,M50688V2    ,1,2,1,2015-10-20 09:35:27,7,160.691
1EJX7WYJ    ,2015-10-20 09:14:47,2015-10-13 16:43:10,6600,AR6E,AR3105    ,TSCX,00000000,0000,A1JF,151010A0A0D2D2    10,  10  8,LF,58,X43B,027201,ARHS36AC,00000000,1,XN,0,0,M505X607    ,1,2,1,2015-10-20 10:05:18,7,160.527
1EJX7X0J    ,2015-10-21 15:30:33,2015-10-14 21:53:36,6600,AR6E,AR3105    ,TSCX,00000000,0000,A1JF,151010A0A0D2D2    10,  10  8,LF,58,X43A,065100,ARHS36AC,00000000,1,XN,0,0,M505ZCD7    ,1,2,1,2015-10-21 16:06:34,7,161.616
1EJX7X1J    ,2015-10-20 10:39:57,2015-10-13 18:04:43,6600,AR6E,AR3105    ,TSCX,00000000,0000,A1JF,151010A0A0D2D2    10,  10  8,LF,58,X434,011900,ARHS36AC,00000000,1,XN,0,0,M505SVS5    ,1,2,1,2015-10-20 11:05:16,7,160.587
1EJX7X2J    ,2015-10-20 09:41:22,2015-10-13 16:34:06,6600,AR6E,AR3105    ,TSCX,00000000,0000,A1JF,151010A0A0D2D2    10,  10  8,LF,58,X43C,226701,ARHS36AC,00000000,1,XN,0,0,M505X502    ,1,2,1,2015-10-20 10:05:18,7,161.121
1EJX7X3J    ,2015-10-20 08:44:49,2015-10-13 16:33:02,6600,AR6E,AR3105    ,TSCX,00000000,0000,A1JF,151010A0A0D2D2    10,  10  8,LF,58,X439,175001,ARHS36AC,00000000,1,XN,0,0,M505ZCG6    ,1,2,1,2015-10-20 09:35:27,7,160.196
1EJX7X5J    ,2015-10-20 09:26:40,2015-10-13 18:05:43,6600,AR6E,AR3105    ,TSCX,00000000,0000,A1JF,151010A0A0A2D2    10,  10  8,LF,58,X435,013200,ARHS36AC,00000000,1,XN,0,0,M5068480    ,1,2,1,2015-10-20 10:05:18,7,159.349
1EJX7XRJ    ,2015-10-20 08:55:33,2015-10-13 16:45:00,6600,AR6E,AR3105    ,TSCX,00000000,0000,A1JF,151010A0A0A2D2    10,  10  8,LF,58,X437,174601,ARHS36AC,00000000,1,XN,0,0,M504PVJ2    ,1,2,1,2015-10-20 09:35:27,7,160.176
1EJX7XTJ    ,2015-10-20 11:25:35,2015-10-13 18:19:48,6600,AR6E,AR3105    ,TSCX,00000000,0000,A1JF,151010A0A0D2D2    10,  10  8,LF,58,X435,182801,ARHS36AC,00000000,1,XN,0,0,M505ZCS0    ,1,2,1,2015-10-20 12:05:19,7,161.096
1EJX7XUJ    ,2015-10-20 10:55:36,2015-10-13 18:19:43,6600,AR6E,AR3105    ,TSCX,00000000,0000,A1JF,151010A0A0A2D2    10,  10  8,LF,58,X433,162200,ARHS36AC,00000000,1,XN,0,0,M50684G7    ,1,2,1,2015-10-20 11:35:16,7,160.598
1EJX7XVJ    ,2015-10-20 09:27:21,2015-10-13 18:11:48,6600,AR6E,AR3105    ,TSCX,00000000,0000,A1JF,151010A0A0D2D2    10,  10  8,LF,58,X435,012800,ARHS36AC,00000000,1,XN,0,0,M505SVF6    ,1,2,1,2015-10-20 10:05:18,7,159.259
1EJX7XWJ    ,2015-10-20 08:20:55,2015-10-13 16:44:05,6600,AR6E,AR3105    ,TSCX,00000000,0000,A1JF,151010A0A0A2D2    10,  10  8,LF,58,X43C,026500,ARHS36AC,00000000,1,XN,0,0,M505WJ28    ,1,2,1,2015-10-20 09:05:20,7,159.614
1EJX7Y8J    ,2015-10-20 08:48:01,2015-10-13 16:12:10,6600,AR6E,AR3105    ,TSCX,00000000,0000,A1JF,151010A0A0D2D2    10,  10  8,LF,58,X43B,017200,ARHS36AC,00000000,1,XN,0,0,M505X612    ,1,2,1,2015-10-20 09:35:27,7,160.597
1EJX7Y9J    ,2015-10-20 06:59:12,2015-10-13 16:18:03,6600,AR6E,AR3105    ,TSCX,00000000,0000,A1JF,151010A0A0A2D2    10,  10  8,LF,58,X43C,016101,ARHS36AC,00000000,1,XN,0,0,M504PHY8    ,1,2,1,2015-10-20 07:35:16,7,158.686
1EJX7YAJ    ,2015-10-20 10:42:57,2015-10-13 17:37:21,6600,AR6E,AR3105    ,TSCX,00000000,0000,A1JF,151010A0A0D2D2    10,  10  8,LF,58,X43A,014900,ARHS36AC,00000000,1,XN,0,0,M505X5M3    ,1,2,1,2015-10-20 11:05:16,7,161.093
1EJX7YBJ    ,2015-10-20 11:34:10,2015-10-13 18:07:45,6600,AR6E,AR3105    ,TSCX,00000000,0000,A1JF,151010A0A0A2D2    10,  10  8,LF,58,X431,011001,ARHS36AC,00000000,1,XN,0,0,M5064TN3    ,1,2,1,2015-10-20 12:05:19,7,161.440
1EJX7YHJ    ,2015-10-20 10:33:11,2015-10-13 16:11:03,6600,AR6E,AR3105    ,TSCX,00000000,0000,A1JF,101010A0A0A2D2    10,   0  0,LF,58,X439,015201,ARHS36AC,00000000,1,XN,0,0,M5064TB2    ,1,2,1,2015-10-20 11:05:16,7,162.369
1EJX7YKJ    ,2015-10-20 10:57:57,2015-10-13 18:10:53,6600,AR6E,AR3105    ,TSCX,00000000,0000,A1JF,101010A0A0D2D2    10,   0  0,LF,58,X438,013901,ARHS36AC,00000000,1,XN,0,0,M50685N5    ,1,2,1,2015-10-20 11:35:16,7,160.784
1EJX7YLJ    ,2015-10-20 11:37:14,2015-10-13 18:21:37,6600,AR6E,AR3105    ,TSCX,00000000,0000,A1JF,151010A0A0A2D2    10,  10  8,LF,58,X432,011101,ARHS36AC,00000000,1,XN,0,0,M5064TP5    ,1,2,1,2015-10-20 12:05:18,7,161.260
1EJX7YMJ    ,2015-10-20 06:54:42,2015-10-13 16:29:06,6600,AR6E,AR3105    ,TSCX,00000000,0000,A1JF,101010A0A0A2D2    10,   0  0,LF,58,X43B,026200,ARHS36AC,00000000,1,XN,0,0,M5064P07    ,1,2,1,2015-10-20 07:35:15,7,158.426
1EJX7YNJ    ,2015-10-20 09:10:12,2015-10-13 16:44:01,6600,AR6E,AR3105    ,TSCX,00000000,0000,A1JF,101010A0A0D2D2    10,   0  0,LF,58,X43A,015901,ARHS36AC,00000000,1,XN,0,0,M5068A66    ,1,2,1,2015-10-20 09:35:27,7,160.436
1EJX88UJ    ,2015-10-26 10:38:45,2015-10-13 18:02:45,6600,AR6E,AR4105    ,TSCX,00000000,0000,A1JF,151010A0A0A2D2    10,  10  8,LF,58,X436,042501,ARHS36AC,00000000,1,XN,0,0,M50678C5    ,1,2,1,2015-10-26 11:03:46,13,304.600
1EJX89UJ    ,2015-10-20 04:35:18,2015-10-13 16:14:01,6600,AR6E,AR4105    ,TSCX,00000000,0000,A1JF,151010A0A0D3D2    10,  10  8,LF,58,X43A,165900,ARHS36AC,00000000,1,XN,0,0,M5067834    ,1,2,1,2015-10-20 05:00:20,7,156.354
1EJX8BJJ    ,2015-10-20 11:00:07,2015-10-13 18:19:43,6600,AR6E,AR3105    ,TSCX,00000000,0000,A1JF,151010A0A0D2D2    10,  10  8,LF,58,X433,162201,ARHS36AC,00000000,1,XN,0,0,M505ZCB3    ,1,2,1,2015-10-20 11:35:16,7,160.673
1EJX4B9J    ,2015-10-20 08:58:49,2015-10-13 16:22:03,6600,AR6E,AR3105    ,TSCX,00000000,0000,A1JF,101010A0A0A2D2    10,   0  0,LI,16,X439,015400,ARHS36AC,00000000,1,XN,0,0,M505WHC7    ,1,2,1,2015-10-20 09:35:27,7,160.612
1EJX4BKJ    ,2015-10-19 04:36:05,2015-10-13 17:55:45,6600,AR6E,AR4105    ,TSCX,00000000,0000,A1JF,101010A0A0D3D2    10,   0  0,LI,16,X431,141200,ARHS36AC,00000000,1,XN,0,0,M5066GL2    ,1,2,1,2015-10-19 05:04:49,6,130.672
1EJX4BLJ    ,2015-10-20 11:49:49,2015-10-13 18:27:42,6600,AR6E,AR4105    ,TSCX,00000000,0000,A1JF,101010A0A0A2D2    10,   0  0,LI,16,X435,153201,ARHS36AC,00000000,1,XN,0,0,M5064V66    ,1,2,1,2015-10-20 12:30:19,7,161.368
1EJX4BZJ    ,2015-10-20 10:30:44,2015-10-13 18:19:40,6600,AR6E,AR3105    ,TSCX,00000000,0000,A1JF,101010A0A0A2D2    10,   0  0,LI,16,X432,030100,ARHS36AC,00000000,1,XN,0,0,M5064TV4    ,1,2,1,2015-10-20 11:05:16,7,160.184
1EJX4D4J    ,2015-10-26 10:45:57,2015-10-13 18:21:32,6600,AR6E,AR3105    ,TSCX,00000000,0000,A1JF,101010A0A0A2D2    10,   0  0,LI,16,X432,140701,ARHS36AC,00000000,1,XN,0,0,M5064V71    ,1,2,1,2015-10-26 11:33:44,13,304.407
1EJX4DJJ    ,2015-10-25 23:18:17,2015-10-13 18:19:44,6600,AR6E,AR4105    ,TSCX,00000000,0000,A1JF,101010A0A0D3D2    10,   0  0,LI,16,X431,231200,ARHS36AC,00000000,1,XN,0,0,M5066GQ7    ,1,2,1,2015-10-26 00:03:42,12,292.976
1EJX4DKJ    ,2015-10-20 08:35:17,2015-10-13 16:14:01,6600,AR6E,AR4105    ,TSCX,00000000,0000,A1JF,101010A0A0A2D2    10,   0  0,LI,16,X43A,165901,ARHS36AC,00000000,1,XN,0,0,M504PV29    ,1,2,1,2015-10-20 09:05:20,7,160.354
1EJX4DLJ    ,2015-10-19 04:17:41,2015-10-13 18:27:45,6600,AR6E,AR4105    ,TSCX,00000000,0000,A1JF,101010A0A0D3D2    10,   0  0,LI,16,X435,123401,ARHS36AC,00000000,1,XN,0,0,M5067799    ,1,2,1,2015-10-19 05:04:50,6,129.832
1EJX4DNJ    ,2015-10-20 05:18:32,2015-10-13 16:28:08,6600,AR6E,AR4105    ,TSCX,00000000,0000,A1JF,101010A0A0D3D2    10,   0  0,LI,16,X43C,076901,ARHS36AC,00000000,1,XN,0,0,M5066GG7    ,1,2,1,2015-10-20 06:05:10,7,156.840
1EJX4DZJ    ,2015-10-26 01:42:16,2015-10-13 18:02:41,6600,AR6E,AR4105    ,TSCX,00000000,0000,A1JF,101010A0A0D3D2    10,   0  0,LI,16,X431,220201,ARHS36AC,00000000,1,XN,0,0,M50677C7    ,1,2,1,2015-10-26 02:08:40,13,295.659
1EJX4EJJ    ,2015-10-20 07:23:48,2015-10-13 18:27:42,6600,AR6E,AR4105    ,TSCX,00000000,0000,A1JF,101010A0A0D3D2    10,   0  0,LI,16,X435,153200,ARHS36AC,00000000,1,XN,0,0,M505X656    ,1,2,1,2015-10-20 08:10:13,7,156.935
1EJX4ELJ    ,2015-10-26 07:54:14,2015-10-13 18:19:44,6600,AR6E,AR4105    ,TSCX,00000000,0000,A1JF,101010A0A0A2D2    10,   0  0,LI,16,X431,231201,ARHS36AC,00000000,1,XN,0,0,M5064PA3    ,1,2,1,2015-10-26 08:33:58,13,301.575
1EJX4EPJ    ,2015-10-20 06:57:58,2015-10-13 18:27:45,6600,AR6E,AR4105    ,TSCX,00000000,0000,A1JF,101010A0A0D3D2    10,   0  0,LI,16,X435,123400,ARHS36AC,00000000,1,XN,0,0,M505X579    ,1,2,1,2015-10-20 07:35:17,7,156.503
1EJX4ERJ    ,2015-10-26 06:58:19,2015-10-13 18:12:42,6600,AR6E,AR4105    ,TSCX,00000000,0000,A1JF,101010A0A0A2D2    10,   0  0,LI,16,X435,073200,ARHS36AC,00000000,1,XN,0,0,M5068CX3    ,1,2,1,2015-10-26 07:38:39,13,300.760
1EJX4G6J    ,2015-10-26 00:35:53,2015-10-13 18:12:42,6600,AR6E,AR4105    ,TSCX,00000000,0000,A1JF,101010A0A0D3D2    10,   0  0,LI,16,X435,073201,ARHS36AC,00000000,1,XN,0,0,M505X5V6    ,1,2,1,2015-10-26 01:08:33,13,294.386
1EJX4GHJ    ,2015-10-26 07:36:09,2015-10-13 18:10:43,6600,AR6E,AR4105    ,TSCX,00000000,0000,A1JF,101010A0A0A2D2    10,   0  0,LI,16,X433,062001,ARHS36AC,00000000,1,XN,0,0,M5064TX6    ,1,2,1,2015-10-26 08:08:44,13,301.424
1EJX4HDJ    ,2015-10-21 11:09:21,2015-10-14 21:33:25,6600,AR6E,AR3105    ,TSCX,00000000,0000,A1JF,101010A0A0D3D2    10,   0  0,LI,16,X436,033301,ARHS36AC,00000000,1,XN,0,0,M505X531    ,1,2,1,2015-10-21 11:36:31,7,157.599
1EJX4HGJ    ,2015-10-20 08:35:26,2015-10-13 16:20:02,6600,AR6E,AR3105    ,TSCX,00000000,0000,A1JF,101010A0A0A2D2    10,   0  0,LI,16,X439,095201,ARHS36AC,00000000,1,XN,0,0,M5068572    ,1,2,1,2015-10-20 09:05:20,7,160.256
1EJX4HHJ    ,2015-10-26 01:27:30,2015-10-13 17:54:49,6600,AR6E,AR3105    ,TSCX,00000000,0000,A1JF,101010A0A0D3D2    10,   0  0,LI,16,X435,013000,ARHS36AC,00000000,1,XN,0,0,M5067VG8    ,1,2,1,2015-10-26 02:08:40,13,295.544
1EJX4HJJ    ,2015-10-19 03:25:28,2015-10-13 18:21:32,6600,AR6E,AR3105    ,TSCX,00000000,0000,A1JF,101010A0A0D3D2    10,   0  0,LI,16,X432,140700,ARHS36AC,00000000,1,XN,0,0,M5066YE1    ,1,2,1,2015-10-19 04:04:48,6,129.065
1EJX4K1J    ,2015-10-27 05:45:10,2015-10-14 22:05:50,6600,AR6E,AR3105    ,TSCX,00000000,0000,A1JF,101010A0A0D3D2    10,   0  0,LI,16,X436,032701,ARHS36AC,00000000,1,XN,0,0,M5066GM2    ,1,2,1,2015-10-27 06:29:08,13,295.655
1EJX7WPJ    ,2015-10-20 09:34:56,2015-10-13 18:04:48,6600,AR6E,AR3105    ,TSCX,00000000,0000,A1JF,151010A0A0A2D2    10,  10  8,LF,58,X438,104501,ARHS36AC,00000000,1,XN,0,0,M5064V30    ,1,2,1,2015-10-20 10:05:18,7,159.502
1EJX7WRJ    ,2015-10-26 08:36:37,2015-10-13 18:10:44,6600,AR6E,AR3105    ,TSCX,00000000,0000,A1JF,151010A0A0A2D2    10,  10  8,LF,58,X432,010501,ARHS36AC,00000000,1,XN,0,0,M5064T93    ,1,2,1,2015-10-26 09:04:11,13,302.431
1EJX7WVJ    ,2015-10-20 08:59:11,2015-10-13 18:07:45,6600,AR6E,AR3105    ,TSCX,00000000,0000,A1JF,151010A0A0D2D2    10,  10  8,LF,58,X431,011000,ARHS36AC,00000000,1,XN,0,0,M5067WG0    ,1,2,1,2015-10-20 09:35:27,7,158.857
1EJX7XXJ    ,2015-10-06 18:06:46,2015-10-06 18:02:24,6600,AR6E,AR3105    ,UU00,00000000,0000,A1JF,151010A0A0D2D2    10,  10  8,LF,58,X432,030101,ARHS36AC,00000000,1,XN,0,0,M505X5N1    ,1,2,1,2015-10-06 18:29:15,0,0.073
